CREATE TABLE IF NOT EXISTS "auth_group" ("id" integer NOT NULL PRIMARY KEY AUTOINCREMENT, "name" varchar(150) NOT NULL UNIQUE);
INSERT INTO "auth_group" VALUES(1,'Bibliotecario');
INSERT INTO "auth_group" VALUES(2,'Coordinador');
CREATE UNIQUE INDEX "django_content_type_app_label_model_76bd3d3b_uniq" ON "django_content_type" ("app_label", "model");
CREATE UNIQUE INDEX "auth_group_permissions_group_id_permission_id_0cd325b0_uniq" ON "auth_group_permissions" ("group_id", "permission_id");
CREATE INDEX IF NOT EXISTS "auth_group_permissions_group_id_b120cbf9" ON "auth_group_permissions" ("group_id");
CREATE INDEX IF NOT EXISTS "auth_group_permissions_permission_id_84c5c92e" ON "auth_group_permissions" ("permission_id");
CREATE UNIQUE INDEX "auth_permission_content_type_id_codename_01ab375a_uniq" ON "auth_permission" ("content_type_id", "codename");
CREATE INDEX IF NOT EXISTS "auth_permission_content_type_id_2f476e4b" ON "auth_permission" ("content_type_id");
CREATE UNIQUE INDEX "user_user_groups_user_id_group_id_bb60391f_uniq" ON "user_user_groups" ("user_id", "group_id");
CREATE INDEX IF NOT EXISTS "user_user_groups_user_id_13f9a20d" ON "user_user_groups" ("user_id");
CREATE INDEX IF NOT EXISTS "user_user_groups_group_id_c57f13c0" ON "user_user_groups" ("group_id");
CREATE UNIQUE INDEX "user_user_user_permissions_user_id_permission_id_64f4d5b8_uniq" ON "user_user_user_permissions" ("user_id", "permission_id");
CREATE INDEX IF NOT EXISTS "user_user_user_permissions_user_id_31782f58" ON "user_user_user_permissions" ("user_id");
CREATE INDEX IF NOT EXISTS "user_user_user_permissions_permission_id_ce49d4de" ON "user_user_user_permissions" ("permission_id");
CREATE INDEX IF NOT EXISTS "django_admin_log_content_type_id_c4bce8eb" ON "django_admin_log" ("content_type_id");
CREATE INDEX IF NOT EXISTS "django_admin_log_user_id_c564eba6" ON "django_admin_log" ("user_id");
CREATE INDEX IF NOT EXISTS "base_suministro_beneficiario_id_0ebc3a2d" ON "base_suministro" ("beneficiario_id");
CREATE INDEX IF NOT EXISTS "base_detallesuministro_suministro_id_e1e7b69f" ON "base_detallesuministro" ("suministro_id");
CREATE INDEX IF NOT EXISTS "base_detallesuministro_producto_id_21dfda79" ON "base_detallesuministro" ("producto_id");
CREATE INDEX IF NOT EXISTS "django_session_expire_date_a5c62663" ON "django_session" ("expire_date");
CREATE INDEX IF NOT EXISTS "base_libro_autor_id_f72d898a" ON "base_libro" ("autor_id");
CREATE INDEX IF NOT EXISTS "base_productos_categoria_id_4a94a772" ON "base_productos" ("categoria_id");
CREATE INDEX IF NOT EXISTS "base_reserva_libro_id_e92a592b" ON "base_reserva" ("libro_id");
CREATE INDEX IF NOT EXISTS "base_reserva_lector_id_c4028b1c" ON "base_reserva" ("lector_id");
CREATE TABLE IF NOT EXISTS "auth_group_permissions" ("id" integer NOT NULL PRIMARY KEY AUTOINCREMENT, "group_id" integer NOT NULL REFERENCES "auth_group" ("id") DEFERRABLE INITIALLY DEFERRED, "permission_id" integer NOT NULL REFERENCES "auth_permission" ("id") DEFERRABLE INITIALLY DEFERRED);
INSERT INTO "auth_group_permissions" VALUES(57,2,1);
INSERT INTO "auth_group_permissions" VALUES(58,2,2);
INSERT INTO "auth_group_permissions" VALUES(59,2,3);
INSERT INTO "auth_group_permissions" VALUES(60,2,4);
INSERT INTO "auth_group_permissions" VALUES(61,2,5);
INSERT INTO "auth_group_permissions" VALUES(62,2,6);
INSERT INTO "auth_group_permissions" VALUES(63,2,7);
INSERT INTO "auth_group_permissions" VALUES(64,2,8);
INSERT INTO "auth_group_permissions" VALUES(65,2,9);
INSERT INTO "auth_group_permissions" VALUES(66,2,10);
INSERT INTO "auth_group_permissions" VALUES(67,2,11);
INSERT INTO "auth_group_permissions" VALUES(68,2,12);
INSERT INTO "auth_group_permissions" VALUES(69,2,13);
INSERT INTO "auth_group_permissions" VALUES(70,2,14);
INSERT INTO "auth_group_permissions" VALUES(71,2,15);
INSERT INTO "auth_group_permissions" VALUES(72,2,16);
INSERT INTO "auth_group_permissions" VALUES(73,2,17);
INSERT INTO "auth_group_permissions" VALUES(74,2,18);
INSERT INTO "auth_group_permissions" VALUES(75,2,19);
INSERT INTO "auth_group_permissions" VALUES(76,2,20);
INSERT INTO "auth_group_permissions" VALUES(77,2,21);
INSERT INTO "auth_group_permissions" VALUES(78,2,22);
INSERT INTO "auth_group_permissions" VALUES(79,2,23);
INSERT INTO "auth_group_permissions" VALUES(80,2,24);
INSERT INTO "auth_group_permissions" VALUES(81,2,25);
INSERT INTO "auth_group_permissions" VALUES(82,2,26);
INSERT INTO "auth_group_permissions" VALUES(83,2,27);
INSERT INTO "auth_group_permissions" VALUES(84,2,28);
INSERT INTO "auth_group_permissions" VALUES(85,2,29);
INSERT INTO "auth_group_permissions" VALUES(86,2,30);
INSERT INTO "auth_group_permissions" VALUES(87,2,31);
INSERT INTO "auth_group_permissions" VALUES(88,2,32);
INSERT INTO "auth_group_permissions" VALUES(89,2,33);
INSERT INTO "auth_group_permissions" VALUES(90,2,34);
INSERT INTO "auth_group_permissions" VALUES(91,2,35);
INSERT INTO "auth_group_permissions" VALUES(92,2,36);
INSERT INTO "auth_group_permissions" VALUES(93,2,37);
INSERT INTO "auth_group_permissions" VALUES(94,2,38);
INSERT INTO "auth_group_permissions" VALUES(95,2,39);
INSERT INTO "auth_group_permissions" VALUES(96,2,40);
INSERT INTO "auth_group_permissions" VALUES(97,2,41);
INSERT INTO "auth_group_permissions" VALUES(98,2,42);
INSERT INTO "auth_group_permissions" VALUES(99,2,43);
INSERT INTO "auth_group_permissions" VALUES(100,2,44);
INSERT INTO "auth_group_permissions" VALUES(101,2,45);
INSERT INTO "auth_group_permissions" VALUES(102,2,46);
INSERT INTO "auth_group_permissions" VALUES(103,2,47);
INSERT INTO "auth_group_permissions" VALUES(104,2,48);
INSERT INTO "auth_group_permissions" VALUES(105,2,49);
INSERT INTO "auth_group_permissions" VALUES(106,2,50);
INSERT INTO "auth_group_permissions" VALUES(107,2,51);
INSERT INTO "auth_group_permissions" VALUES(108,2,52);
INSERT INTO "auth_group_permissions" VALUES(109,2,53);
INSERT INTO "auth_group_permissions" VALUES(110,2,54);
INSERT INTO "auth_group_permissions" VALUES(111,2,55);
INSERT INTO "auth_group_permissions" VALUES(112,2,56);
INSERT INTO "auth_group_permissions" VALUES(113,2,57);
INSERT INTO "auth_group_permissions" VALUES(114,2,58);
INSERT INTO "auth_group_permissions" VALUES(115,2,59);
INSERT INTO "auth_group_permissions" VALUES(116,2,60);
INSERT INTO "auth_group_permissions" VALUES(124,1,40);
INSERT INTO "auth_group_permissions" VALUES(125,1,1);
INSERT INTO "auth_group_permissions" VALUES(126,1,2);
INSERT INTO "auth_group_permissions" VALUES(127,1,3);
INSERT INTO "auth_group_permissions" VALUES(128,1,4);
INSERT INTO "auth_group_permissions" VALUES(129,1,5);
INSERT INTO "auth_group_permissions" VALUES(130,1,6);
INSERT INTO "auth_group_permissions" VALUES(131,1,7);
INSERT INTO "auth_group_permissions" VALUES(132,1,8);
INSERT INTO "auth_group_permissions" VALUES(133,1,9);
INSERT INTO "auth_group_permissions" VALUES(134,1,10);
INSERT INTO "auth_group_permissions" VALUES(135,1,11);
INSERT INTO "auth_group_permissions" VALUES(136,1,12);
INSERT INTO "auth_group_permissions" VALUES(137,1,13);
INSERT INTO "auth_group_permissions" VALUES(138,1,14);
INSERT INTO "auth_group_permissions" VALUES(139,1,15);
INSERT INTO "auth_group_permissions" VALUES(140,1,16);
INSERT INTO "auth_group_permissions" VALUES(141,1,17);
INSERT INTO "auth_group_permissions" VALUES(142,1,18);
INSERT INTO "auth_group_permissions" VALUES(143,1,19);
INSERT INTO "auth_group_permissions" VALUES(144,1,20);
INSERT INTO "auth_group_permissions" VALUES(145,1,21);
INSERT INTO "auth_group_permissions" VALUES(146,1,22);
INSERT INTO "auth_group_permissions" VALUES(147,1,23);
INSERT INTO "auth_group_permissions" VALUES(148,1,24);
INSERT INTO "auth_group_permissions" VALUES(149,1,25);
INSERT INTO "auth_group_permissions" VALUES(150,1,26);
INSERT INTO "auth_group_permissions" VALUES(151,1,27);
INSERT INTO "auth_group_permissions" VALUES(152,1,28);
INSERT INTO "auth_group_permissions" VALUES(153,1,29);
INSERT INTO "auth_group_permissions" VALUES(154,1,30);
INSERT INTO "auth_group_permissions" VALUES(155,1,31);
INSERT INTO "auth_group_permissions" VALUES(156,1,32);
INSERT INTO "auth_group_permissions" VALUES(157,1,33);
INSERT INTO "auth_group_permissions" VALUES(158,1,34);
INSERT INTO "auth_group_permissions" VALUES(159,1,35);
INSERT INTO "auth_group_permissions" VALUES(160,1,36);
INSERT INTO "auth_group_permissions" VALUES(161,1,37);
INSERT INTO "auth_group_permissions" VALUES(162,1,38);
INSERT INTO "auth_group_permissions" VALUES(163,1,39);
INSERT INTO "auth_group_permissions" VALUES(164,1,41);
INSERT INTO "auth_group_permissions" VALUES(165,1,42);
INSERT INTO "auth_group_permissions" VALUES(166,1,43);
INSERT INTO "auth_group_permissions" VALUES(167,1,44);
INSERT INTO "auth_group_permissions" VALUES(168,1,45);
INSERT INTO "auth_group_permissions" VALUES(169,1,46);
INSERT INTO "auth_group_permissions" VALUES(170,1,47);
INSERT INTO "auth_group_permissions" VALUES(171,1,48);
INSERT INTO "auth_group_permissions" VALUES(172,1,53);
INSERT INTO "auth_group_permissions" VALUES(173,1,54);
INSERT INTO "auth_group_permissions" VALUES(174,1,55);
INSERT INTO "auth_group_permissions" VALUES(175,1,56);
INSERT INTO "auth_group_permissions" VALUES(176,1,57);
INSERT INTO "auth_group_permissions" VALUES(177,1,58);
INSERT INTO "auth_group_permissions" VALUES(178,1,59);
INSERT INTO "auth_group_permissions" VALUES(179,1,60);
INSERT INTO "auth_group_permissions" VALUES(180,1,50);
INSERT INTO "auth_group_permissions" VALUES(181,1,52);
INSERT INTO "auth_group_permissions" VALUES(182,1,49);
INSERT INTO "auth_group_permissions" VALUES(183,1,51);
CREATE UNIQUE INDEX "django_content_type_app_label_model_76bd3d3b_uniq" ON "django_content_type" ("app_label", "model");
CREATE UNIQUE INDEX "auth_group_permissions_group_id_permission_id_0cd325b0_uniq" ON "auth_group_permissions" ("group_id", "permission_id");
CREATE INDEX IF NOT EXISTS "auth_group_permissions_group_id_b120cbf9" ON "auth_group_permissions" ("group_id");
CREATE INDEX IF NOT EXISTS "auth_group_permissions_permission_id_84c5c92e" ON "auth_group_permissions" ("permission_id");
CREATE UNIQUE INDEX "auth_permission_content_type_id_codename_01ab375a_uniq" ON "auth_permission" ("content_type_id", "codename");
CREATE INDEX IF NOT EXISTS "auth_permission_content_type_id_2f476e4b" ON "auth_permission" ("content_type_id");
CREATE UNIQUE INDEX "user_user_groups_user_id_group_id_bb60391f_uniq" ON "user_user_groups" ("user_id", "group_id");
CREATE INDEX IF NOT EXISTS "user_user_groups_user_id_13f9a20d" ON "user_user_groups" ("user_id");
CREATE INDEX IF NOT EXISTS "user_user_groups_group_id_c57f13c0" ON "user_user_groups" ("group_id");
CREATE UNIQUE INDEX "user_user_user_permissions_user_id_permission_id_64f4d5b8_uniq" ON "user_user_user_permissions" ("user_id", "permission_id");
CREATE INDEX IF NOT EXISTS "user_user_user_permissions_user_id_31782f58" ON "user_user_user_permissions" ("user_id");
CREATE INDEX IF NOT EXISTS "user_user_user_permissions_permission_id_ce49d4de" ON "user_user_user_permissions" ("permission_id");
CREATE INDEX IF NOT EXISTS "django_admin_log_content_type_id_c4bce8eb" ON "django_admin_log" ("content_type_id");
CREATE INDEX IF NOT EXISTS "django_admin_log_user_id_c564eba6" ON "django_admin_log" ("user_id");
CREATE INDEX IF NOT EXISTS "base_suministro_beneficiario_id_0ebc3a2d" ON "base_suministro" ("beneficiario_id");
CREATE INDEX IF NOT EXISTS "base_detallesuministro_suministro_id_e1e7b69f" ON "base_detallesuministro" ("suministro_id");
CREATE INDEX IF NOT EXISTS "base_detallesuministro_producto_id_21dfda79" ON "base_detallesuministro" ("producto_id");
CREATE INDEX IF NOT EXISTS "django_session_expire_date_a5c62663" ON "django_session" ("expire_date");
CREATE INDEX IF NOT EXISTS "base_libro_autor_id_f72d898a" ON "base_libro" ("autor_id");
CREATE INDEX IF NOT EXISTS "base_productos_categoria_id_4a94a772" ON "base_productos" ("categoria_id");
CREATE INDEX IF NOT EXISTS "base_reserva_libro_id_e92a592b" ON "base_reserva" ("libro_id");
CREATE INDEX IF NOT EXISTS "base_reserva_lector_id_c4028b1c" ON "base_reserva" ("lector_id");
CREATE TABLE IF NOT EXISTS "auth_permission" ("id" integer NOT NULL PRIMARY KEY AUTOINCREMENT, "content_type_id" integer NOT NULL REFERENCES "django_content_type" ("id") DEFERRABLE INITIALLY DEFERRED, "codename" varchar(100) NOT NULL, "name" varchar(255) NOT NULL);
INSERT INTO "auth_permission" VALUES(1,1,'add_logentry','Can add log entry');
INSERT INTO "auth_permission" VALUES(2,1,'change_logentry','Can change log entry');
INSERT INTO "auth_permission" VALUES(3,1,'delete_logentry','Can delete log entry');
INSERT INTO "auth_permission" VALUES(4,1,'view_logentry','Can view log entry');
INSERT INTO "auth_permission" VALUES(5,2,'add_permission','Can add permission');
INSERT INTO "auth_permission" VALUES(6,2,'change_permission','Can change permission');
INSERT INTO "auth_permission" VALUES(7,2,'delete_permission','Can delete permission');
INSERT INTO "auth_permission" VALUES(8,2,'view_permission','Can view permission');
INSERT INTO "auth_permission" VALUES(9,3,'add_group','Can add group');
INSERT INTO "auth_permission" VALUES(10,3,'change_group','Can change group');
INSERT INTO "auth_permission" VALUES(11,3,'delete_group','Can delete group');
INSERT INTO "auth_permission" VALUES(12,3,'view_group','Can view group');
INSERT INTO "auth_permission" VALUES(13,4,'add_contenttype','Can add content type');
INSERT INTO "auth_permission" VALUES(14,4,'change_contenttype','Can change content type');
INSERT INTO "auth_permission" VALUES(15,4,'delete_contenttype','Can delete content type');
INSERT INTO "auth_permission" VALUES(16,4,'view_contenttype','Can view content type');
INSERT INTO "auth_permission" VALUES(17,5,'add_session','Can add session');
INSERT INTO "auth_permission" VALUES(18,5,'change_session','Can change session');
INSERT INTO "auth_permission" VALUES(19,5,'delete_session','Can delete session');
INSERT INTO "auth_permission" VALUES(20,5,'view_session','Can view session');
INSERT INTO "auth_permission" VALUES(21,6,'add_categoria','Can add Categoria');
INSERT INTO "auth_permission" VALUES(22,6,'change_categoria','Can change Categoria');
INSERT INTO "auth_permission" VALUES(23,6,'delete_categoria','Can delete Categoria');
INSERT INTO "auth_permission" VALUES(24,6,'view_categoria','Can view Categoria');
INSERT INTO "auth_permission" VALUES(25,7,'add_detallesuministro','Can add Detalle de Suministro');
INSERT INTO "auth_permission" VALUES(26,7,'change_detallesuministro','Can change Detalle de Suministro');
INSERT INTO "auth_permission" VALUES(27,7,'delete_detallesuministro','Can delete Detalle de Suministro');
INSERT INTO "auth_permission" VALUES(28,7,'view_detallesuministro','Can view Detalle de Suministro');
INSERT INTO "auth_permission" VALUES(29,8,'add_suministro','Can add Suministro');
INSERT INTO "auth_permission" VALUES(30,8,'change_suministro','Can change Suministro');
INSERT INTO "auth_permission" VALUES(31,8,'delete_suministro','Can delete Suministro');
INSERT INTO "auth_permission" VALUES(32,8,'view_suministro','Can view Suministro');
INSERT INTO "auth_permission" VALUES(33,9,'add_productos','Can add Producto');
INSERT INTO "auth_permission" VALUES(34,9,'change_productos','Can change Producto');
INSERT INTO "auth_permission" VALUES(35,9,'delete_productos','Can delete Producto');
INSERT INTO "auth_permission" VALUES(36,9,'view_productos','Can view Producto');
INSERT INTO "auth_permission" VALUES(37,10,'add_beneficiario','Can add Beneficiario');
INSERT INTO "auth_permission" VALUES(38,10,'change_beneficiario','Can change Beneficiario');
INSERT INTO "auth_permission" VALUES(39,10,'delete_beneficiario','Can delete Beneficiario');
INSERT INTO "auth_permission" VALUES(40,10,'view_beneficiario','Can view Beneficiario');
INSERT INTO "auth_permission" VALUES(41,11,'add_autor','Can add Autor');
INSERT INTO "auth_permission" VALUES(42,11,'change_autor','Can change Autor');
INSERT INTO "auth_permission" VALUES(43,11,'delete_autor','Can delete Autor');
INSERT INTO "auth_permission" VALUES(44,11,'view_autor','Can view Autor');
INSERT INTO "auth_permission" VALUES(45,12,'add_libro','Can add Libro');
INSERT INTO "auth_permission" VALUES(46,12,'change_libro','Can change Libro');
INSERT INTO "auth_permission" VALUES(47,12,'delete_libro','Can delete Libro');
INSERT INTO "auth_permission" VALUES(48,12,'view_libro','Can view Libro');
INSERT INTO "auth_permission" VALUES(49,13,'add_user','Can add user');
INSERT INTO "auth_permission" VALUES(50,13,'change_user','Can change user');
INSERT INTO "auth_permission" VALUES(51,13,'delete_user','Can delete user');
INSERT INTO "auth_permission" VALUES(52,13,'view_user','Can view user');
INSERT INTO "auth_permission" VALUES(53,14,'add_reserva','Can add Reserva');
INSERT INTO "auth_permission" VALUES(54,14,'change_reserva','Can change Reserva');
INSERT INTO "auth_permission" VALUES(55,14,'delete_reserva','Can delete Reserva');
INSERT INTO "auth_permission" VALUES(56,14,'view_reserva','Can view Reserva');
INSERT INTO "auth_permission" VALUES(57,15,'add_eventos','Can add eventos');
INSERT INTO "auth_permission" VALUES(58,15,'change_eventos','Can change eventos');
INSERT INTO "auth_permission" VALUES(59,15,'delete_eventos','Can delete eventos');
INSERT INTO "auth_permission" VALUES(60,15,'view_eventos','Can view eventos');
INSERT INTO "auth_permission" VALUES(61,16,'add_lector','Can add Lector');
INSERT INTO "auth_permission" VALUES(62,16,'change_lector','Can change Lector');
INSERT INTO "auth_permission" VALUES(63,16,'delete_lector','Can delete Lector');
INSERT INTO "auth_permission" VALUES(64,16,'view_lector','Can view Lector');
CREATE UNIQUE INDEX "django_content_type_app_label_model_76bd3d3b_uniq" ON "django_content_type" ("app_label", "model");
CREATE UNIQUE INDEX "auth_group_permissions_group_id_permission_id_0cd325b0_uniq" ON "auth_group_permissions" ("group_id", "permission_id");
CREATE INDEX IF NOT EXISTS "auth_group_permissions_group_id_b120cbf9" ON "auth_group_permissions" ("group_id");
CREATE INDEX IF NOT EXISTS "auth_group_permissions_permission_id_84c5c92e" ON "auth_group_permissions" ("permission_id");
CREATE UNIQUE INDEX "auth_permission_content_type_id_codename_01ab375a_uniq" ON "auth_permission" ("content_type_id", "codename");
CREATE INDEX IF NOT EXISTS "auth_permission_content_type_id_2f476e4b" ON "auth_permission" ("content_type_id");
CREATE UNIQUE INDEX "user_user_groups_user_id_group_id_bb60391f_uniq" ON "user_user_groups" ("user_id", "group_id");
CREATE INDEX IF NOT EXISTS "user_user_groups_user_id_13f9a20d" ON "user_user_groups" ("user_id");
CREATE INDEX IF NOT EXISTS "user_user_groups_group_id_c57f13c0" ON "user_user_groups" ("group_id");
CREATE UNIQUE INDEX "user_user_user_permissions_user_id_permission_id_64f4d5b8_uniq" ON "user_user_user_permissions" ("user_id", "permission_id");
CREATE INDEX IF NOT EXISTS "user_user_user_permissions_user_id_31782f58" ON "user_user_user_permissions" ("user_id");
CREATE INDEX IF NOT EXISTS "user_user_user_permissions_permission_id_ce49d4de" ON "user_user_user_permissions" ("permission_id");
CREATE INDEX IF NOT EXISTS "django_admin_log_content_type_id_c4bce8eb" ON "django_admin_log" ("content_type_id");
CREATE INDEX IF NOT EXISTS "django_admin_log_user_id_c564eba6" ON "django_admin_log" ("user_id");
CREATE INDEX IF NOT EXISTS "base_suministro_beneficiario_id_0ebc3a2d" ON "base_suministro" ("beneficiario_id");
CREATE INDEX IF NOT EXISTS "base_detallesuministro_suministro_id_e1e7b69f" ON "base_detallesuministro" ("suministro_id");
CREATE INDEX IF NOT EXISTS "base_detallesuministro_producto_id_21dfda79" ON "base_detallesuministro" ("producto_id");
CREATE INDEX IF NOT EXISTS "django_session_expire_date_a5c62663" ON "django_session" ("expire_date");
CREATE INDEX IF NOT EXISTS "base_libro_autor_id_f72d898a" ON "base_libro" ("autor_id");
CREATE INDEX IF NOT EXISTS "base_productos_categoria_id_4a94a772" ON "base_productos" ("categoria_id");
CREATE INDEX IF NOT EXISTS "base_reserva_libro_id_e92a592b" ON "base_reserva" ("libro_id");
CREATE INDEX IF NOT EXISTS "base_reserva_lector_id_c4028b1c" ON "base_reserva" ("lector_id");
CREATE TABLE IF NOT EXISTS "base_autor" ("id" integer NOT NULL PRIMARY KEY AUTOINCREMENT, "nombres" varchar(45) NOT NULL, "nacionalidad" varchar(50) NOT NULL, "descripcion" text NOT NULL, "fecha_creacion" date NOT NULL, "estado" bool NOT NULL);
INSERT INTO "base_autor" VALUES(1,'Gabriel Garcia Marquez','Colombia','Es un hecho establecido hace demasiado tiempo que un lector se distraerá con el contenido del texto de un sitio mientras que mira su diseño.','2023-03-16',1);
INSERT INTO "base_autor" VALUES(2,'Oscar Wilde','Irlanda','Es un hecho establecido hace demasiado tiempo que un lector se distraerá con el contenido del texto de un sitio mientras que mira su diseño.','2023-03-16',1);
INSERT INTO "base_autor" VALUES(3,'Charles Addams','Estados Unidos','Es un hecho establecido hace demasiado tiempo que un lector se distraerá con el contenido del texto de un sitio mientras que mira su diseño.','2023-03-16',1);
INSERT INTO "base_autor" VALUES(4,'Jorge Ricardo Isaacs','Colombia','Es un hecho establecido hace demasiado tiempo que un lector se distraerá con el contenido del texto de un sitio mientras que mira su diseño.','2023-03-16',1);
INSERT INTO "base_autor" VALUES(5,'Antoine de Saint-Exupéry','Francia','Es un hecho establecido hace demasiado tiempo que un lector se distraerá con el contenido del texto de un sitio mientras que mira su diseño.','2023-03-16',1);
INSERT INTO "base_autor" VALUES(6,'Mario Vargas Llosa','Peruano','Jorge Mario Pedro Vargas Llosa, conocido como Mario Vargas Llosa, es un escritor peruano que cuenta también con la nacionalidad española desde 1993.','2023-03-27',1);
CREATE UNIQUE INDEX "django_content_type_app_label_model_76bd3d3b_uniq" ON "django_content_type" ("app_label", "model");
CREATE UNIQUE INDEX "auth_group_permissions_group_id_permission_id_0cd325b0_uniq" ON "auth_group_permissions" ("group_id", "permission_id");
CREATE INDEX IF NOT EXISTS "auth_group_permissions_group_id_b120cbf9" ON "auth_group_permissions" ("group_id");
CREATE INDEX IF NOT EXISTS "auth_group_permissions_permission_id_84c5c92e" ON "auth_group_permissions" ("permission_id");
CREATE UNIQUE INDEX "auth_permission_content_type_id_codename_01ab375a_uniq" ON "auth_permission" ("content_type_id", "codename");
CREATE INDEX IF NOT EXISTS "auth_permission_content_type_id_2f476e4b" ON "auth_permission" ("content_type_id");
CREATE UNIQUE INDEX "user_user_groups_user_id_group_id_bb60391f_uniq" ON "user_user_groups" ("user_id", "group_id");
CREATE INDEX IF NOT EXISTS "user_user_groups_user_id_13f9a20d" ON "user_user_groups" ("user_id");
CREATE INDEX IF NOT EXISTS "user_user_groups_group_id_c57f13c0" ON "user_user_groups" ("group_id");
CREATE UNIQUE INDEX "user_user_user_permissions_user_id_permission_id_64f4d5b8_uniq" ON "user_user_user_permissions" ("user_id", "permission_id");
CREATE INDEX IF NOT EXISTS "user_user_user_permissions_user_id_31782f58" ON "user_user_user_permissions" ("user_id");
CREATE INDEX IF NOT EXISTS "user_user_user_permissions_permission_id_ce49d4de" ON "user_user_user_permissions" ("permission_id");
CREATE INDEX IF NOT EXISTS "django_admin_log_content_type_id_c4bce8eb" ON "django_admin_log" ("content_type_id");
CREATE INDEX IF NOT EXISTS "django_admin_log_user_id_c564eba6" ON "django_admin_log" ("user_id");
CREATE INDEX IF NOT EXISTS "base_suministro_beneficiario_id_0ebc3a2d" ON "base_suministro" ("beneficiario_id");
CREATE INDEX IF NOT EXISTS "base_detallesuministro_suministro_id_e1e7b69f" ON "base_detallesuministro" ("suministro_id");
CREATE INDEX IF NOT EXISTS "base_detallesuministro_producto_id_21dfda79" ON "base_detallesuministro" ("producto_id");
CREATE INDEX IF NOT EXISTS "django_session_expire_date_a5c62663" ON "django_session" ("expire_date");
CREATE INDEX IF NOT EXISTS "base_libro_autor_id_f72d898a" ON "base_libro" ("autor_id");
CREATE INDEX IF NOT EXISTS "base_productos_categoria_id_4a94a772" ON "base_productos" ("categoria_id");
CREATE INDEX IF NOT EXISTS "base_reserva_libro_id_e92a592b" ON "base_reserva" ("libro_id");
CREATE INDEX IF NOT EXISTS "base_reserva_lector_id_c4028b1c" ON "base_reserva" ("lector_id");
CREATE TABLE IF NOT EXISTS "base_beneficiario" ("id" integer NOT NULL PRIMARY KEY AUTOINCREMENT, "nombres" varchar(150) NOT NULL, "apellidos" varchar(150) NOT NULL, "cumpleaños" date NOT NULL, "direccion" varchar(150) NULL, "gender" varchar(25) NOT NULL, "barrio" varchar(150) NULL, "documento" integer NULL UNIQUE, "telefono" integer NULL, "tipoDocumento" varchar(25) NOT NULL, "zona" varchar(25) NOT NULL, "tipo" varchar(25) NOT NULL);
INSERT INTO "base_beneficiario" VALUES(1,'kevin','Salazar','2023-03-20','Yopal Casanare','Masculino','Los Orizontes',1118572549,3503764825,'Cédula de Ciudadanía','Urbana','Funcionario');
INSERT INTO "base_beneficiario" VALUES(2,'Mariana','Cubillos','2023-03-21','Campoalegre','Femenino','San Miguel',1118572548,3503764824,'Tarjeta de Identidad','Urbana','Beneficiario');
INSERT INTO "base_beneficiario" VALUES(3,'Dacota','Rosario','2023-03-11','El Batan','Femenino','El Batan',1118572547,3503764825,'Registro Civil','Rural','Funcionario');
INSERT INTO "base_beneficiario" VALUES(5,'LUZ ANDREA','SUAREZ BOCANUMEN','1983-09-13','CARRERA 116A 70 A 76','Femenino','VILLA TERESITA',52750208,3186144774,'Cédula de Ciudadanía','Urbana','Funcionario');
CREATE UNIQUE INDEX "django_content_type_app_label_model_76bd3d3b_uniq" ON "django_content_type" ("app_label", "model");
CREATE UNIQUE INDEX "auth_group_permissions_group_id_permission_id_0cd325b0_uniq" ON "auth_group_permissions" ("group_id", "permission_id");
CREATE INDEX IF NOT EXISTS "auth_group_permissions_group_id_b120cbf9" ON "auth_group_permissions" ("group_id");
CREATE INDEX IF NOT EXISTS "auth_group_permissions_permission_id_84c5c92e" ON "auth_group_permissions" ("permission_id");
CREATE UNIQUE INDEX "auth_permission_content_type_id_codename_01ab375a_uniq" ON "auth_permission" ("content_type_id", "codename");
CREATE INDEX IF NOT EXISTS "auth_permission_content_type_id_2f476e4b" ON "auth_permission" ("content_type_id");
CREATE UNIQUE INDEX "user_user_groups_user_id_group_id_bb60391f_uniq" ON "user_user_groups" ("user_id", "group_id");
CREATE INDEX IF NOT EXISTS "user_user_groups_user_id_13f9a20d" ON "user_user_groups" ("user_id");
CREATE INDEX IF NOT EXISTS "user_user_groups_group_id_c57f13c0" ON "user_user_groups" ("group_id");
CREATE UNIQUE INDEX "user_user_user_permissions_user_id_permission_id_64f4d5b8_uniq" ON "user_user_user_permissions" ("user_id", "permission_id");
CREATE INDEX IF NOT EXISTS "user_user_user_permissions_user_id_31782f58" ON "user_user_user_permissions" ("user_id");
CREATE INDEX IF NOT EXISTS "user_user_user_permissions_permission_id_ce49d4de" ON "user_user_user_permissions" ("permission_id");
CREATE INDEX IF NOT EXISTS "django_admin_log_content_type_id_c4bce8eb" ON "django_admin_log" ("content_type_id");
CREATE INDEX IF NOT EXISTS "django_admin_log_user_id_c564eba6" ON "django_admin_log" ("user_id");
CREATE INDEX IF NOT EXISTS "base_suministro_beneficiario_id_0ebc3a2d" ON "base_suministro" ("beneficiario_id");
CREATE INDEX IF NOT EXISTS "base_detallesuministro_suministro_id_e1e7b69f" ON "base_detallesuministro" ("suministro_id");
CREATE INDEX IF NOT EXISTS "base_detallesuministro_producto_id_21dfda79" ON "base_detallesuministro" ("producto_id");
CREATE INDEX IF NOT EXISTS "django_session_expire_date_a5c62663" ON "django_session" ("expire_date");
CREATE INDEX IF NOT EXISTS "base_libro_autor_id_f72d898a" ON "base_libro" ("autor_id");
CREATE INDEX IF NOT EXISTS "base_productos_categoria_id_4a94a772" ON "base_productos" ("categoria_id");
CREATE INDEX IF NOT EXISTS "base_reserva_libro_id_e92a592b" ON "base_reserva" ("libro_id");
CREATE INDEX IF NOT EXISTS "base_reserva_lector_id_c4028b1c" ON "base_reserva" ("lector_id");
CREATE TABLE IF NOT EXISTS "base_categoria" ("id" integer NOT NULL PRIMARY KEY AUTOINCREMENT, "nombre" varchar(150) NOT NULL UNIQUE, "descripcion" varchar(150) NULL);
INSERT INTO "base_categoria" VALUES(2,'Juguetess','"No hay nadie que ame el dolor mismo, que lo busque, lo encuentre y lo quiera, simplemente porque es el dolor."');
INSERT INTO "base_categoria" VALUES(3,'Tecnologías','"No hay nadie que ame el dolor mismo, que lo busque, lo encuentre y lo quiera, simplemente porque es el dolor."');
INSERT INTO "base_categoria" VALUES(15,'Libros','"No hay nadie que ame el dolor mismo, que lo busque, lo encuentre y lo quiera, simplemente porque es el dolor."');
INSERT INTO "base_categoria" VALUES(16,'Cartillas','"No hay nadie que ame el dolor mismo, que lo busque, lo encuentre y lo quiera, simplemente porque es el dolor."');
CREATE UNIQUE INDEX "django_content_type_app_label_model_76bd3d3b_uniq" ON "django_content_type" ("app_label", "model");
CREATE UNIQUE INDEX "auth_group_permissions_group_id_permission_id_0cd325b0_uniq" ON "auth_group_permissions" ("group_id", "permission_id");
CREATE INDEX IF NOT EXISTS "auth_group_permissions_group_id_b120cbf9" ON "auth_group_permissions" ("group_id");
CREATE INDEX IF NOT EXISTS "auth_group_permissions_permission_id_84c5c92e" ON "auth_group_permissions" ("permission_id");
CREATE UNIQUE INDEX "auth_permission_content_type_id_codename_01ab375a_uniq" ON "auth_permission" ("content_type_id", "codename");
CREATE INDEX IF NOT EXISTS "auth_permission_content_type_id_2f476e4b" ON "auth_permission" ("content_type_id");
CREATE UNIQUE INDEX "user_user_groups_user_id_group_id_bb60391f_uniq" ON "user_user_groups" ("user_id", "group_id");
CREATE INDEX IF NOT EXISTS "user_user_groups_user_id_13f9a20d" ON "user_user_groups" ("user_id");
CREATE INDEX IF NOT EXISTS "user_user_groups_group_id_c57f13c0" ON "user_user_groups" ("group_id");
CREATE UNIQUE INDEX "user_user_user_permissions_user_id_permission_id_64f4d5b8_uniq" ON "user_user_user_permissions" ("user_id", "permission_id");
CREATE INDEX IF NOT EXISTS "user_user_user_permissions_user_id_31782f58" ON "user_user_user_permissions" ("user_id");
CREATE INDEX IF NOT EXISTS "user_user_user_permissions_permission_id_ce49d4de" ON "user_user_user_permissions" ("permission_id");
CREATE INDEX IF NOT EXISTS "django_admin_log_content_type_id_c4bce8eb" ON "django_admin_log" ("content_type_id");
CREATE INDEX IF NOT EXISTS "django_admin_log_user_id_c564eba6" ON "django_admin_log" ("user_id");
CREATE INDEX IF NOT EXISTS "base_suministro_beneficiario_id_0ebc3a2d" ON "base_suministro" ("beneficiario_id");
CREATE INDEX IF NOT EXISTS "base_detallesuministro_suministro_id_e1e7b69f" ON "base_detallesuministro" ("suministro_id");
CREATE INDEX IF NOT EXISTS "base_detallesuministro_producto_id_21dfda79" ON "base_detallesuministro" ("producto_id");
CREATE INDEX IF NOT EXISTS "django_session_expire_date_a5c62663" ON "django_session" ("expire_date");
CREATE INDEX IF NOT EXISTS "base_libro_autor_id_f72d898a" ON "base_libro" ("autor_id");
CREATE INDEX IF NOT EXISTS "base_productos_categoria_id_4a94a772" ON "base_productos" ("categoria_id");
CREATE INDEX IF NOT EXISTS "base_reserva_libro_id_e92a592b" ON "base_reserva" ("libro_id");
CREATE INDEX IF NOT EXISTS "base_reserva_lector_id_c4028b1c" ON "base_reserva" ("lector_id");
CREATE TABLE IF NOT EXISTS "base_detallesuministro" ("id" integer NOT NULL PRIMARY KEY AUTOINCREMENT, "cantidad" integer NOT NULL, "suministro_id" bigint NOT NULL REFERENCES "base_suministro" ("id") DEFERRABLE INITIALLY DEFERRED, "precio" decimal NOT NULL, "subtotal" decimal NOT NULL, "producto_id" bigint NOT NULL REFERENCES "base_productos" ("id") DEFERRABLE INITIALLY DEFERRED);
INSERT INTO "base_detallesuministro" VALUES(46,1,30,25000,25000,17);
INSERT INTO "base_detallesuministro" VALUES(49,1,29,25000,25000,17);
INSERT INTO "base_detallesuministro" VALUES(51,1,32,25000,25000,17);
CREATE UNIQUE INDEX "django_content_type_app_label_model_76bd3d3b_uniq" ON "django_content_type" ("app_label", "model");
CREATE UNIQUE INDEX "auth_group_permissions_group_id_permission_id_0cd325b0_uniq" ON "auth_group_permissions" ("group_id", "permission_id");
CREATE INDEX IF NOT EXISTS "auth_group_permissions_group_id_b120cbf9" ON "auth_group_permissions" ("group_id");
CREATE INDEX IF NOT EXISTS "auth_group_permissions_permission_id_84c5c92e" ON "auth_group_permissions" ("permission_id");
CREATE UNIQUE INDEX "auth_permission_content_type_id_codename_01ab375a_uniq" ON "auth_permission" ("content_type_id", "codename");
CREATE INDEX IF NOT EXISTS "auth_permission_content_type_id_2f476e4b" ON "auth_permission" ("content_type_id");
CREATE UNIQUE INDEX "user_user_groups_user_id_group_id_bb60391f_uniq" ON "user_user_groups" ("user_id", "group_id");
CREATE INDEX IF NOT EXISTS "user_user_groups_user_id_13f9a20d" ON "user_user_groups" ("user_id");
CREATE INDEX IF NOT EXISTS "user_user_groups_group_id_c57f13c0" ON "user_user_groups" ("group_id");
CREATE UNIQUE INDEX "user_user_user_permissions_user_id_permission_id_64f4d5b8_uniq" ON "user_user_user_permissions" ("user_id", "permission_id");
CREATE INDEX IF NOT EXISTS "user_user_user_permissions_user_id_31782f58" ON "user_user_user_permissions" ("user_id");
CREATE INDEX IF NOT EXISTS "user_user_user_permissions_permission_id_ce49d4de" ON "user_user_user_permissions" ("permission_id");
CREATE INDEX IF NOT EXISTS "django_admin_log_content_type_id_c4bce8eb" ON "django_admin_log" ("content_type_id");
CREATE INDEX IF NOT EXISTS "django_admin_log_user_id_c564eba6" ON "django_admin_log" ("user_id");
CREATE INDEX IF NOT EXISTS "base_suministro_beneficiario_id_0ebc3a2d" ON "base_suministro" ("beneficiario_id");
CREATE INDEX IF NOT EXISTS "base_detallesuministro_suministro_id_e1e7b69f" ON "base_detallesuministro" ("suministro_id");
CREATE INDEX IF NOT EXISTS "base_detallesuministro_producto_id_21dfda79" ON "base_detallesuministro" ("producto_id");
CREATE INDEX IF NOT EXISTS "django_session_expire_date_a5c62663" ON "django_session" ("expire_date");
CREATE INDEX IF NOT EXISTS "base_libro_autor_id_f72d898a" ON "base_libro" ("autor_id");
CREATE INDEX IF NOT EXISTS "base_productos_categoria_id_4a94a772" ON "base_productos" ("categoria_id");
CREATE INDEX IF NOT EXISTS "base_reserva_libro_id_e92a592b" ON "base_reserva" ("libro_id");
CREATE INDEX IF NOT EXISTS "base_reserva_lector_id_c4028b1c" ON "base_reserva" ("lector_id");
CREATE TABLE IF NOT EXISTS "base_eventos" ("id" integer NOT NULL PRIMARY KEY AUTOINCREMENT, "nombre" varchar(50) NOT NULL, "tipoEvento" varchar(50) NOT NULL, "fecha" datetime NOT NULL, "imagen" varchar(255) NULL, "estado" bool NOT NULL, "ubicacion" varchar(50) NULL, "descripcion" text NULL);
INSERT INTO "base_eventos" VALUES(5,'krakens y sirenas','Cine','2023-03-27 05:00:00','Eventos/Conoce_a_los_Gillman.png',0,'Casa de la Cultura','La película sigue a la dulce Ruby Gillian de 16 años, quien está desesperada por encajar en Oceanside High, pero pronto descubrirá que está destinada a sobresalir y a heredar el trono de su abuela, la Reina Guerrera de los Siete Mares.');
INSERT INTO "base_eventos" VALUES(6,'Pintura en Lienzo','Arte','2023-03-29 23:30:00','Eventos/descarga12.jpg',1,'Casa de la cultura','Repellat fugiat adipisci nemo illum nesciunt voluptas repellendus. In architecto rerum rerum temporibus');
INSERT INTO "base_eventos" VALUES(7,'Ajedrez','Juegos','2023-03-27 19:30:00','Eventos/el-juego-de-ajedrez-y-los-ninos-lg.jpg',1,'C.I.C La Morena','¿Cuál es la edad ideal para aprender ajedrez? La edad recomendada para empezar son los cinco años. Requiere constancia y práctica diaria, y poco a poco se consigue rapidez en los movimientos y fortaleza mental. Quienes lo practican dicen sentirse muy bien.');
INSERT INTO "base_eventos" VALUES(8,'Asado Kevin','Entretenimiento','2023-03-27 14:00:00','Eventos/asado.jpg',1,'Yopa, Casanare','te esperamos');
CREATE UNIQUE INDEX "django_content_type_app_label_model_76bd3d3b_uniq" ON "django_content_type" ("app_label", "model");
CREATE UNIQUE INDEX "auth_group_permissions_group_id_permission_id_0cd325b0_uniq" ON "auth_group_permissions" ("group_id", "permission_id");
CREATE INDEX IF NOT EXISTS "auth_group_permissions_group_id_b120cbf9" ON "auth_group_permissions" ("group_id");
CREATE INDEX IF NOT EXISTS "auth_group_permissions_permission_id_84c5c92e" ON "auth_group_permissions" ("permission_id");
CREATE UNIQUE INDEX "auth_permission_content_type_id_codename_01ab375a_uniq" ON "auth_permission" ("content_type_id", "codename");
CREATE INDEX IF NOT EXISTS "auth_permission_content_type_id_2f476e4b" ON "auth_permission" ("content_type_id");
CREATE UNIQUE INDEX "user_user_groups_user_id_group_id_bb60391f_uniq" ON "user_user_groups" ("user_id", "group_id");
CREATE INDEX IF NOT EXISTS "user_user_groups_user_id_13f9a20d" ON "user_user_groups" ("user_id");
CREATE INDEX IF NOT EXISTS "user_user_groups_group_id_c57f13c0" ON "user_user_groups" ("group_id");
CREATE UNIQUE INDEX "user_user_user_permissions_user_id_permission_id_64f4d5b8_uniq" ON "user_user_user_permissions" ("user_id", "permission_id");
CREATE INDEX IF NOT EXISTS "user_user_user_permissions_user_id_31782f58" ON "user_user_user_permissions" ("user_id");
CREATE INDEX IF NOT EXISTS "user_user_user_permissions_permission_id_ce49d4de" ON "user_user_user_permissions" ("permission_id");
CREATE INDEX IF NOT EXISTS "django_admin_log_content_type_id_c4bce8eb" ON "django_admin_log" ("content_type_id");
CREATE INDEX IF NOT EXISTS "django_admin_log_user_id_c564eba6" ON "django_admin_log" ("user_id");
CREATE INDEX IF NOT EXISTS "base_suministro_beneficiario_id_0ebc3a2d" ON "base_suministro" ("beneficiario_id");
CREATE INDEX IF NOT EXISTS "base_detallesuministro_suministro_id_e1e7b69f" ON "base_detallesuministro" ("suministro_id");
CREATE INDEX IF NOT EXISTS "base_detallesuministro_producto_id_21dfda79" ON "base_detallesuministro" ("producto_id");
CREATE INDEX IF NOT EXISTS "django_session_expire_date_a5c62663" ON "django_session" ("expire_date");
CREATE INDEX IF NOT EXISTS "base_libro_autor_id_f72d898a" ON "base_libro" ("autor_id");
CREATE INDEX IF NOT EXISTS "base_productos_categoria_id_4a94a772" ON "base_productos" ("categoria_id");
CREATE INDEX IF NOT EXISTS "base_reserva_libro_id_e92a592b" ON "base_reserva" ("libro_id");
CREATE INDEX IF NOT EXISTS "base_reserva_lector_id_c4028b1c" ON "base_reserva" ("lector_id");
CREATE TABLE IF NOT EXISTS "base_lector" ("id" integer NOT NULL PRIMARY KEY AUTOINCREMENT, "nombres" varchar(150) NOT NULL, "apellidos" varchar(150) NOT NULL, "tipoDocumento" varchar(25) NOT NULL, "documento" integer NULL UNIQUE, "cumpleaños" date NOT NULL, "telefono" integer NULL, "zona" varchar(25) NOT NULL, "direccion" varchar(150) NULL, "barrio" varchar(150) NULL, "gender" varchar(25) NOT NULL);
INSERT INTO "base_lector" VALUES(1,'Cristian','Souza','Cédula de Extrajería',1086334212,'2023-04-08',3284657893,'Urbana','Calle 5 # 34-b','San Juan','Masculino');
INSERT INTO "base_lector" VALUES(2,'Angeles','Motta','Registro Civil',1083834562,'2019-02-05',3212342343,'Rural','El Batan','El Batan','Femenino');
CREATE UNIQUE INDEX "django_content_type_app_label_model_76bd3d3b_uniq" ON "django_content_type" ("app_label", "model");
CREATE UNIQUE INDEX "auth_group_permissions_group_id_permission_id_0cd325b0_uniq" ON "auth_group_permissions" ("group_id", "permission_id");
CREATE INDEX IF NOT EXISTS "auth_group_permissions_group_id_b120cbf9" ON "auth_group_permissions" ("group_id");
CREATE INDEX IF NOT EXISTS "auth_group_permissions_permission_id_84c5c92e" ON "auth_group_permissions" ("permission_id");
CREATE UNIQUE INDEX "auth_permission_content_type_id_codename_01ab375a_uniq" ON "auth_permission" ("content_type_id", "codename");
CREATE INDEX IF NOT EXISTS "auth_permission_content_type_id_2f476e4b" ON "auth_permission" ("content_type_id");
CREATE UNIQUE INDEX "user_user_groups_user_id_group_id_bb60391f_uniq" ON "user_user_groups" ("user_id", "group_id");
CREATE INDEX IF NOT EXISTS "user_user_groups_user_id_13f9a20d" ON "user_user_groups" ("user_id");
CREATE INDEX IF NOT EXISTS "user_user_groups_group_id_c57f13c0" ON "user_user_groups" ("group_id");
CREATE UNIQUE INDEX "user_user_user_permissions_user_id_permission_id_64f4d5b8_uniq" ON "user_user_user_permissions" ("user_id", "permission_id");
CREATE INDEX IF NOT EXISTS "user_user_user_permissions_user_id_31782f58" ON "user_user_user_permissions" ("user_id");
CREATE INDEX IF NOT EXISTS "user_user_user_permissions_permission_id_ce49d4de" ON "user_user_user_permissions" ("permission_id");
CREATE INDEX IF NOT EXISTS "django_admin_log_content_type_id_c4bce8eb" ON "django_admin_log" ("content_type_id");
CREATE INDEX IF NOT EXISTS "django_admin_log_user_id_c564eba6" ON "django_admin_log" ("user_id");
CREATE INDEX IF NOT EXISTS "base_suministro_beneficiario_id_0ebc3a2d" ON "base_suministro" ("beneficiario_id");
CREATE INDEX IF NOT EXISTS "base_detallesuministro_suministro_id_e1e7b69f" ON "base_detallesuministro" ("suministro_id");
CREATE INDEX IF NOT EXISTS "base_detallesuministro_producto_id_21dfda79" ON "base_detallesuministro" ("producto_id");
CREATE INDEX IF NOT EXISTS "django_session_expire_date_a5c62663" ON "django_session" ("expire_date");
CREATE INDEX IF NOT EXISTS "base_libro_autor_id_f72d898a" ON "base_libro" ("autor_id");
CREATE INDEX IF NOT EXISTS "base_productos_categoria_id_4a94a772" ON "base_productos" ("categoria_id");
CREATE INDEX IF NOT EXISTS "base_reserva_libro_id_e92a592b" ON "base_reserva" ("libro_id");
CREATE INDEX IF NOT EXISTS "base_reserva_lector_id_c4028b1c" ON "base_reserva" ("lector_id");
CREATE TABLE IF NOT EXISTS "base_libro" ("id" integer NOT NULL PRIMARY KEY AUTOINCREMENT, "titulo" varchar(45) NOT NULL, "f_publicacion" date NOT NULL, "autor_id" bigint NOT NULL REFERENCES "base_autor" ("id") DEFERRABLE INITIALLY DEFERRED, "cantidad" integer unsigned NOT NULL CHECK ("cantidad" >= 0), "descripcion" text NULL, "estado" bool NOT NULL, "imagen" varchar(255) NULL, "genero" varchar(45) NULL);
INSERT INTO "base_libro" VALUES(4,'The Addams Family Theme','2023-03-20',3,9,'Lorem Ipsum es simplemente el texto de relleno de las imprentas y archivos de texto. Lorem Ipsum ha sido el texto de relleno estándar de las industrias desde el año 1500, cuando un impresor (N. del T.',1,'libros/Los_Locos_Addams_2_29.webp','Comedia');
INSERT INTO "base_libro" VALUES(5,'El retrato de Dorian Gray','2023-03-20',2,10,'Lorem Ipsum es simplemente el texto de relleno de las imprentas y archivos de texto. Lorem Ipsum ha sido el texto de relleno estándar de las industrias desde el año 1500, cuando un impresor (N. del T.',1,'libros/el_retrato_de_dorian_gray.jpg','Ficción gótica, Novela filosófica');
INSERT INTO "base_libro" VALUES(6,'María','2023-04-09',4,2,'Lorem Ipsum es simplemente el texto de relleno de las imprentas y archivos de texto. Lorem Ipsum ha sido el texto de relleno estándar de las industrias desde el año 1500, cuando un impresor (N. del T.',1,'libros/descarga_1.jpg','Romanticismo, Novela rosa, Ficción');
INSERT INTO "base_libro" VALUES(7,'El Gigante Egoista','1888-03-16',2,3,'Lorem Ipsum es simplemente el texto de relleno de las imprentas y archivos de texto. Lorem Ipsum ha sido el texto de relleno estándar de las industrias desde el año 1500, cuando un impresor (N. del T.',1,'libros/share.jpg','Ficción');
INSERT INTO "base_libro" VALUES(8,'Cien Años de Soledad','1967-03-16',1,6,'Lorem Ipsum es simplemente el texto de relleno de las imprentas y archivos de texto. Lorem Ipsum ha sido el texto de relleno estándar de las industrias desde el año 1500, cuando un impresor (N. del T.',1,'libros/618d227e8967274cd9589a549adff52d.webp','Novela, Realismo mágico, Alta fantasía, Saga');
INSERT INTO "base_libro" VALUES(9,'El Coronel no tiene quien le Escriba','2023-03-16',1,14,'Lorem Ipsum es simplemente el texto de relleno de las imprentas y archivos de texto. Lorem Ipsum ha sido el texto de relleno estándar de las industrias desde el año 1500, cuando un impresor (N. del T.',1,'libros/El-coronel-no-tiene-escriba.jpg','Ficción, Novela corta');
INSERT INTO "base_libro" VALUES(10,'El Principito','1943-04-06',5,9,'Lorem Ipsum es simplemente el texto de relleno de las imprentas y archivos de texto. Lorem Ipsum ha sido el texto de relleno estándar de las industrias desde el año 1500, cuando un impresor (N. del T.',1,'libros/descarga1.jpg','Literatura infantil, Fábula, Novela corta, Fi');
INSERT INTO "base_libro" VALUES(11,'La Cenicienta','2023-03-22',3,1,'El espacio bibliotecario es mágico, es único, es acogedor. Las bibliotecas son un maravilloso espacio para la aprehensión de conocimiento y la socialización. Estar en una biblioteca es estar en un lugar capaz de catapultarte a un contexto de sabiduría, las siguientes frases dan fe de ello.',1,'libros/a2a8bb8ac5c2dd88546c157138f79fe0.webp','Animación');
INSERT INTO "base_libro" VALUES(12,'Caperucita Roja','2023-03-22',2,10,'El espacio bibliotecario es mágico, es único, es acogedor. Las bibliotecas son un maravilloso espacio para la aprehensión de conocimiento y la socialización. Estar en una biblioteca es estar en un lugar capaz de catapultarte a un contexto de sabiduría, las siguientes frases dan fe de ello.',1,'libros/3e47814def20958bbc2b30f6899c6f15.webp','Animación');
INSERT INTO "base_libro" VALUES(13,'El PRINCIPITO','2023-03-24',5,1,'Animacion',1,'libros/a2a8bb8ac5c2dd88546c157138f79fe0_Ur7gbEA.webp','Animacion');
INSERT INTO "base_libro" VALUES(15,'Las Mil y una Noches','2023-03-27',6,1,'Las mil y una noches (en árabe: ألف ليلة وليلة‎, Alf layla wa-layla)​ es una recopilación medieval de cuentos orientales tradicionales. La obra fue tomando forma durante el transcurso de varios siglos con las contribuciones de diferentes escritores y traductores del Oriente Próximo.',1,'libros/mil_y_una_noches.jpg','Narrativa, Ficción');
CREATE UNIQUE INDEX "django_content_type_app_label_model_76bd3d3b_uniq" ON "django_content_type" ("app_label", "model");
CREATE UNIQUE INDEX "auth_group_permissions_group_id_permission_id_0cd325b0_uniq" ON "auth_group_permissions" ("group_id", "permission_id");
CREATE INDEX IF NOT EXISTS "auth_group_permissions_group_id_b120cbf9" ON "auth_group_permissions" ("group_id");
CREATE INDEX IF NOT EXISTS "auth_group_permissions_permission_id_84c5c92e" ON "auth_group_permissions" ("permission_id");
CREATE UNIQUE INDEX "auth_permission_content_type_id_codename_01ab375a_uniq" ON "auth_permission" ("content_type_id", "codename");
CREATE INDEX IF NOT EXISTS "auth_permission_content_type_id_2f476e4b" ON "auth_permission" ("content_type_id");
CREATE UNIQUE INDEX "user_user_groups_user_id_group_id_bb60391f_uniq" ON "user_user_groups" ("user_id", "group_id");
CREATE INDEX IF NOT EXISTS "user_user_groups_user_id_13f9a20d" ON "user_user_groups" ("user_id");
CREATE INDEX IF NOT EXISTS "user_user_groups_group_id_c57f13c0" ON "user_user_groups" ("group_id");
CREATE UNIQUE INDEX "user_user_user_permissions_user_id_permission_id_64f4d5b8_uniq" ON "user_user_user_permissions" ("user_id", "permission_id");
CREATE INDEX IF NOT EXISTS "user_user_user_permissions_user_id_31782f58" ON "user_user_user_permissions" ("user_id");
CREATE INDEX IF NOT EXISTS "user_user_user_permissions_permission_id_ce49d4de" ON "user_user_user_permissions" ("permission_id");
CREATE INDEX IF NOT EXISTS "django_admin_log_content_type_id_c4bce8eb" ON "django_admin_log" ("content_type_id");
CREATE INDEX IF NOT EXISTS "django_admin_log_user_id_c564eba6" ON "django_admin_log" ("user_id");
CREATE INDEX IF NOT EXISTS "base_suministro_beneficiario_id_0ebc3a2d" ON "base_suministro" ("beneficiario_id");
CREATE INDEX IF NOT EXISTS "base_detallesuministro_suministro_id_e1e7b69f" ON "base_detallesuministro" ("suministro_id");
CREATE INDEX IF NOT EXISTS "base_detallesuministro_producto_id_21dfda79" ON "base_detallesuministro" ("producto_id");
CREATE INDEX IF NOT EXISTS "django_session_expire_date_a5c62663" ON "django_session" ("expire_date");
CREATE INDEX IF NOT EXISTS "base_libro_autor_id_f72d898a" ON "base_libro" ("autor_id");
CREATE INDEX IF NOT EXISTS "base_productos_categoria_id_4a94a772" ON "base_productos" ("categoria_id");
CREATE INDEX IF NOT EXISTS "base_reserva_libro_id_e92a592b" ON "base_reserva" ("libro_id");
CREATE INDEX IF NOT EXISTS "base_reserva_lector_id_c4028b1c" ON "base_reserva" ("lector_id");
CREATE TABLE IF NOT EXISTS "base_productos" ("id" integer NOT NULL PRIMARY KEY AUTOINCREMENT, "nombre" varchar(150) NOT NULL UNIQUE, "imagen" varchar(100) NULL, "pvp" decimal NOT NULL, "categoria_id" bigint NOT NULL REFERENCES "base_categoria" ("id") DEFERRABLE INITIALLY DEFERRED, "stock" integer unsigned NOT NULL CHECK ("stock" >= 0), "tipo" varchar(25) NOT NULL);
INSERT INTO "base_productos" VALUES(17,'Blanca Nieves','productos/2023/03/20/5b6093c8d8e373233f8b4567.__RS360x360___fBD1wsw.jpg',25000,16,11,'Donación');
INSERT INTO "base_productos" VALUES(18,'Pelotas de Letras','productos/2023/03/20/D_NQ_NP_670325-MCO51266433356_082022-W.jpg',65000,2,0,'Prestamo');
INSERT INTO "base_productos" VALUES(19,'cenicienta','productos/2023/03/21/a2a8bb8ac5c2dd88546c157138f79fe0.webp',20000,16,20,'Donación');
CREATE UNIQUE INDEX "django_content_type_app_label_model_76bd3d3b_uniq" ON "django_content_type" ("app_label", "model");
CREATE UNIQUE INDEX "auth_group_permissions_group_id_permission_id_0cd325b0_uniq" ON "auth_group_permissions" ("group_id", "permission_id");
CREATE INDEX IF NOT EXISTS "auth_group_permissions_group_id_b120cbf9" ON "auth_group_permissions" ("group_id");
CREATE INDEX IF NOT EXISTS "auth_group_permissions_permission_id_84c5c92e" ON "auth_group_permissions" ("permission_id");
CREATE UNIQUE INDEX "auth_permission_content_type_id_codename_01ab375a_uniq" ON "auth_permission" ("content_type_id", "codename");
CREATE INDEX IF NOT EXISTS "auth_permission_content_type_id_2f476e4b" ON "auth_permission" ("content_type_id");
CREATE UNIQUE INDEX "user_user_groups_user_id_group_id_bb60391f_uniq" ON "user_user_groups" ("user_id", "group_id");
CREATE INDEX IF NOT EXISTS "user_user_groups_user_id_13f9a20d" ON "user_user_groups" ("user_id");
CREATE INDEX IF NOT EXISTS "user_user_groups_group_id_c57f13c0" ON "user_user_groups" ("group_id");
CREATE UNIQUE INDEX "user_user_user_permissions_user_id_permission_id_64f4d5b8_uniq" ON "user_user_user_permissions" ("user_id", "permission_id");
CREATE INDEX IF NOT EXISTS "user_user_user_permissions_user_id_31782f58" ON "user_user_user_permissions" ("user_id");
CREATE INDEX IF NOT EXISTS "user_user_user_permissions_permission_id_ce49d4de" ON "user_user_user_permissions" ("permission_id");
CREATE INDEX IF NOT EXISTS "django_admin_log_content_type_id_c4bce8eb" ON "django_admin_log" ("content_type_id");
CREATE INDEX IF NOT EXISTS "django_admin_log_user_id_c564eba6" ON "django_admin_log" ("user_id");
CREATE INDEX IF NOT EXISTS "base_suministro_beneficiario_id_0ebc3a2d" ON "base_suministro" ("beneficiario_id");
CREATE INDEX IF NOT EXISTS "base_detallesuministro_suministro_id_e1e7b69f" ON "base_detallesuministro" ("suministro_id");
CREATE INDEX IF NOT EXISTS "base_detallesuministro_producto_id_21dfda79" ON "base_detallesuministro" ("producto_id");
CREATE INDEX IF NOT EXISTS "django_session_expire_date_a5c62663" ON "django_session" ("expire_date");
CREATE INDEX IF NOT EXISTS "base_libro_autor_id_f72d898a" ON "base_libro" ("autor_id");
CREATE INDEX IF NOT EXISTS "base_productos_categoria_id_4a94a772" ON "base_productos" ("categoria_id");
CREATE INDEX IF NOT EXISTS "base_reserva_libro_id_e92a592b" ON "base_reserva" ("libro_id");
CREATE INDEX IF NOT EXISTS "base_reserva_lector_id_c4028b1c" ON "base_reserva" ("lector_id");
CREATE TABLE IF NOT EXISTS "base_reserva" ("id" integer NOT NULL PRIMARY KEY AUTOINCREMENT, "estado" bool NOT NULL, "libro_id" bigint NULL REFERENCES "base_libro" ("id") DEFERRABLE INITIALLY DEFERRED, "fecha9" date NOT NULL, "fecha8" date NOT NULL, "lector_id" bigint NULL REFERENCES "base_lector" ("id") DEFERRABLE INITIALLY DEFERRED, "estados" varchar(25) NOT NULL);
INSERT INTO "base_reserva" VALUES(14,1,11,'2023-04-08','2023-04-08',2,'Recibido');
INSERT INTO "base_reserva" VALUES(15,1,5,'2023-04-22','2023-04-30',2,'Entregado');
CREATE UNIQUE INDEX "django_content_type_app_label_model_76bd3d3b_uniq" ON "django_content_type" ("app_label", "model");
CREATE UNIQUE INDEX "auth_group_permissions_group_id_permission_id_0cd325b0_uniq" ON "auth_group_permissions" ("group_id", "permission_id");
CREATE INDEX IF NOT EXISTS "auth_group_permissions_group_id_b120cbf9" ON "auth_group_permissions" ("group_id");
CREATE INDEX IF NOT EXISTS "auth_group_permissions_permission_id_84c5c92e" ON "auth_group_permissions" ("permission_id");
CREATE UNIQUE INDEX "auth_permission_content_type_id_codename_01ab375a_uniq" ON "auth_permission" ("content_type_id", "codename");
CREATE INDEX IF NOT EXISTS "auth_permission_content_type_id_2f476e4b" ON "auth_permission" ("content_type_id");
CREATE UNIQUE INDEX "user_user_groups_user_id_group_id_bb60391f_uniq" ON "user_user_groups" ("user_id", "group_id");
CREATE INDEX IF NOT EXISTS "user_user_groups_user_id_13f9a20d" ON "user_user_groups" ("user_id");
CREATE INDEX IF NOT EXISTS "user_user_groups_group_id_c57f13c0" ON "user_user_groups" ("group_id");
CREATE UNIQUE INDEX "user_user_user_permissions_user_id_permission_id_64f4d5b8_uniq" ON "user_user_user_permissions" ("user_id", "permission_id");
CREATE INDEX IF NOT EXISTS "user_user_user_permissions_user_id_31782f58" ON "user_user_user_permissions" ("user_id");
CREATE INDEX IF NOT EXISTS "user_user_user_permissions_permission_id_ce49d4de" ON "user_user_user_permissions" ("permission_id");
CREATE INDEX IF NOT EXISTS "django_admin_log_content_type_id_c4bce8eb" ON "django_admin_log" ("content_type_id");
CREATE INDEX IF NOT EXISTS "django_admin_log_user_id_c564eba6" ON "django_admin_log" ("user_id");
CREATE INDEX IF NOT EXISTS "base_suministro_beneficiario_id_0ebc3a2d" ON "base_suministro" ("beneficiario_id");
CREATE INDEX IF NOT EXISTS "base_detallesuministro_suministro_id_e1e7b69f" ON "base_detallesuministro" ("suministro_id");
CREATE INDEX IF NOT EXISTS "base_detallesuministro_producto_id_21dfda79" ON "base_detallesuministro" ("producto_id");
CREATE INDEX IF NOT EXISTS "django_session_expire_date_a5c62663" ON "django_session" ("expire_date");
CREATE INDEX IF NOT EXISTS "base_libro_autor_id_f72d898a" ON "base_libro" ("autor_id");
CREATE INDEX IF NOT EXISTS "base_productos_categoria_id_4a94a772" ON "base_productos" ("categoria_id");
CREATE INDEX IF NOT EXISTS "base_reserva_libro_id_e92a592b" ON "base_reserva" ("libro_id");
CREATE INDEX IF NOT EXISTS "base_reserva_lector_id_c4028b1c" ON "base_reserva" ("lector_id");
CREATE TABLE IF NOT EXISTS "base_suministro" ("id" integer NOT NULL PRIMARY KEY AUTOINCREMENT, "fecha_registro" date NOT NULL, "beneficiario_id" bigint NOT NULL REFERENCES "base_beneficiario" ("id") DEFERRABLE INITIALLY DEFERRED, "subtotal" decimal NOT NULL, "total" decimal NOT NULL);
INSERT INTO "base_suministro" VALUES(29,'2023-03-20',1,25000,25000);
INSERT INTO "base_suministro" VALUES(30,'2023-03-20',1,25000,25000);
INSERT INTO "base_suministro" VALUES(32,'2023-03-21',2,25000,25000);
CREATE UNIQUE INDEX "django_content_type_app_label_model_76bd3d3b_uniq" ON "django_content_type" ("app_label", "model");
CREATE UNIQUE INDEX "auth_group_permissions_group_id_permission_id_0cd325b0_uniq" ON "auth_group_permissions" ("group_id", "permission_id");
CREATE INDEX IF NOT EXISTS "auth_group_permissions_group_id_b120cbf9" ON "auth_group_permissions" ("group_id");
CREATE INDEX IF NOT EXISTS "auth_group_permissions_permission_id_84c5c92e" ON "auth_group_permissions" ("permission_id");
CREATE UNIQUE INDEX "auth_permission_content_type_id_codename_01ab375a_uniq" ON "auth_permission" ("content_type_id", "codename");
CREATE INDEX IF NOT EXISTS "auth_permission_content_type_id_2f476e4b" ON "auth_permission" ("content_type_id");
CREATE UNIQUE INDEX "user_user_groups_user_id_group_id_bb60391f_uniq" ON "user_user_groups" ("user_id", "group_id");
CREATE INDEX IF NOT EXISTS "user_user_groups_user_id_13f9a20d" ON "user_user_groups" ("user_id");
CREATE INDEX IF NOT EXISTS "user_user_groups_group_id_c57f13c0" ON "user_user_groups" ("group_id");
CREATE UNIQUE INDEX "user_user_user_permissions_user_id_permission_id_64f4d5b8_uniq" ON "user_user_user_permissions" ("user_id", "permission_id");
CREATE INDEX IF NOT EXISTS "user_user_user_permissions_user_id_31782f58" ON "user_user_user_permissions" ("user_id");
CREATE INDEX IF NOT EXISTS "user_user_user_permissions_permission_id_ce49d4de" ON "user_user_user_permissions" ("permission_id");
CREATE INDEX IF NOT EXISTS "django_admin_log_content_type_id_c4bce8eb" ON "django_admin_log" ("content_type_id");
CREATE INDEX IF NOT EXISTS "django_admin_log_user_id_c564eba6" ON "django_admin_log" ("user_id");
CREATE INDEX IF NOT EXISTS "base_suministro_beneficiario_id_0ebc3a2d" ON "base_suministro" ("beneficiario_id");
CREATE INDEX IF NOT EXISTS "base_detallesuministro_suministro_id_e1e7b69f" ON "base_detallesuministro" ("suministro_id");
CREATE INDEX IF NOT EXISTS "base_detallesuministro_producto_id_21dfda79" ON "base_detallesuministro" ("producto_id");
CREATE INDEX IF NOT EXISTS "django_session_expire_date_a5c62663" ON "django_session" ("expire_date");
CREATE INDEX IF NOT EXISTS "base_libro_autor_id_f72d898a" ON "base_libro" ("autor_id");
CREATE INDEX IF NOT EXISTS "base_productos_categoria_id_4a94a772" ON "base_productos" ("categoria_id");
CREATE INDEX IF NOT EXISTS "base_reserva_libro_id_e92a592b" ON "base_reserva" ("libro_id");
CREATE INDEX IF NOT EXISTS "base_reserva_lector_id_c4028b1c" ON "base_reserva" ("lector_id");
CREATE TABLE IF NOT EXISTS "django_admin_log" ("id" integer NOT NULL PRIMARY KEY AUTOINCREMENT, "object_id" text NULL, "object_repr" varchar(200) NOT NULL, "action_flag" smallint unsigned NOT NULL CHECK ("action_flag" >= 0), "change_message" text NOT NULL, "content_type_id" integer NULL REFERENCES "django_content_type" ("id") DEFERRABLE INITIALLY DEFERRED, "user_id" bigint NOT NULL REFERENCES "user_user" ("id") DEFERRABLE INITIALLY DEFERRED, "action_time" datetime NOT NULL);
INSERT INTO "django_admin_log" VALUES(1,'1','Fresmik',2,'[{"changed": {"fields": ["Imagen"]}}]',13,1,'2023-03-04 22:47:56.393042');
INSERT INTO "django_admin_log" VALUES(2,'4','adsad',3,'',13,1,'2023-03-05 03:20:30.361678');
INSERT INTO "django_admin_log" VALUES(3,'3','loco',3,'',13,1,'2023-03-05 03:20:30.370653');
INSERT INTO "django_admin_log" VALUES(4,'2','Kevin',3,'',13,1,'2023-03-05 03:20:30.377649');
INSERT INTO "django_admin_log" VALUES(5,'1','Fresmik',2,'[{"changed": {"fields": ["First name", "Last name"]}}]',13,1,'2023-03-05 03:21:02.448472');
INSERT INTO "django_admin_log" VALUES(6,'1','coco',1,'[{"added": {}}]',12,1,'2023-03-11 01:51:44.136140');
INSERT INTO "django_admin_log" VALUES(7,'6','Reserva object (6)',3,'',14,1,'2023-03-19 19:30:14.351069');
INSERT INTO "django_admin_log" VALUES(8,'5','Reserva object (5)',3,'',14,1,'2023-03-19 19:30:14.519966');
INSERT INTO "django_admin_log" VALUES(9,'4','Reserva object (4)',3,'',14,1,'2023-03-19 19:30:14.765945');
INSERT INTO "django_admin_log" VALUES(10,'3','Reserva object (3)',3,'',14,1,'2023-03-19 19:30:14.994603');
INSERT INTO "django_admin_log" VALUES(11,'2','Reserva object (2)',3,'',14,1,'2023-03-19 19:30:15.105534');
INSERT INTO "django_admin_log" VALUES(12,'1','Reserva object (1)',3,'',14,1,'2023-03-19 19:30:15.225855');
INSERT INTO "django_admin_log" VALUES(13,'8','Reserva object (8)',3,'',14,1,'2023-03-19 20:10:21.452128');
INSERT INTO "django_admin_log" VALUES(14,'7','Reserva object (7)',3,'',14,1,'2023-03-19 20:10:21.550692');
INSERT INTO "django_admin_log" VALUES(15,'10','Pelotas de Letras',3,'',9,1,'2023-03-20 05:58:36.969526');
INSERT INTO "django_admin_log" VALUES(16,'11','Caperucita Roja',3,'',9,1,'2023-03-20 05:58:37.072463');
INSERT INTO "django_admin_log" VALUES(17,'12','Blanca Nieves y Los Siete Enanos',3,'',9,1,'2023-03-20 05:58:37.235413');
INSERT INTO "django_admin_log" VALUES(18,'13','Cenicienta',3,'',9,1,'2023-03-20 05:58:37.348512');
INSERT INTO "django_admin_log" VALUES(19,'14','Los tres Cerditos',3,'',9,1,'2023-03-20 05:58:37.517814');
INSERT INTO "django_admin_log" VALUES(20,'15','Cien Años de Soledad',3,'',9,1,'2023-03-20 05:58:37.704772');
INSERT INTO "django_admin_log" VALUES(21,'16','Blanca Nieves',3,'',9,1,'2023-03-20 05:58:37.833872');
INSERT INTO "django_admin_log" VALUES(22,'1','Bibliotecario',1,'[{"added": {}}]',3,1,'2023-03-21 20:53:36.576310');
INSERT INTO "django_admin_log" VALUES(23,'6','Angelica',2,'[{"changed": {"fields": ["Groups"]}}]',13,1,'2023-03-21 20:54:11.450216');
INSERT INTO "django_admin_log" VALUES(24,'6','Angelica',2,'[{"changed": {"fields": ["User permissions"]}}]',13,1,'2023-03-21 20:56:19.129387');
INSERT INTO "django_admin_log" VALUES(25,'2','Coordinador',1,'[{"added": {}}]',3,1,'2023-03-29 21:58:16.815539');
INSERT INTO "django_admin_log" VALUES(26,'1','Bibliotecario',2,'[{"changed": {"fields": ["Permissions"]}}]',3,1,'2023-03-30 02:46:28.666424');
INSERT INTO "django_admin_log" VALUES(27,'1','Bibliotecario',2,'[]',3,1,'2023-03-30 03:05:42.574797');
INSERT INTO "django_admin_log" VALUES(28,'1','Bibliotecario',2,'[{"changed": {"fields": ["Permissions"]}}]',3,1,'2023-03-30 17:56:55.177353');
INSERT INTO "django_admin_log" VALUES(29,'1','Bibliotecario',2,'[{"changed": {"fields": ["Permissions"]}}]',3,1,'2023-03-30 17:57:23.551171');
INSERT INTO "django_admin_log" VALUES(30,'1','Bibliotecario',2,'[{"changed": {"fields": ["Permissions"]}}]',3,1,'2023-03-30 18:19:28.720133');
INSERT INTO "django_admin_log" VALUES(31,'1','Bibliotecario',2,'[{"changed": {"fields": ["Permissions"]}}]',3,1,'2023-03-30 18:19:59.991232');
INSERT INTO "django_admin_log" VALUES(32,'1','Bibliotecario',2,'[]',3,1,'2023-03-30 18:41:17.302436');
INSERT INTO "django_admin_log" VALUES(33,'1','Bibliotecario',2,'[{"changed": {"fields": ["Permissions"]}}]',3,1,'2023-03-30 18:41:42.995379');
INSERT INTO "django_admin_log" VALUES(34,'1','Bibliotecario',2,'[{"changed": {"fields": ["Permissions"]}}]',3,1,'2023-03-30 19:58:52.340038');
INSERT INTO "django_admin_log" VALUES(35,'1','Bibliotecario',2,'[]',3,1,'2023-03-30 20:00:23.272224');
INSERT INTO "django_admin_log" VALUES(36,'1','Bibliotecario',2,'[{"changed": {"fields": ["Permissions"]}}]',3,1,'2023-03-30 20:00:40.965021');
INSERT INTO "django_admin_log" VALUES(37,'1','Bibliotecario',2,'[{"changed": {"fields": ["Permissions"]}}]',3,1,'2023-03-30 20:01:48.096831');
INSERT INTO "django_admin_log" VALUES(38,'1','Bibliotecario',2,'[{"changed": {"fields": ["Permissions"]}}]',3,1,'2023-03-30 20:05:03.224681');
INSERT INTO "django_admin_log" VALUES(39,'1','Bibliotecario',2,'[{"changed": {"fields": ["Permissions"]}}]',3,1,'2023-03-30 20:05:47.126608');
INSERT INTO "django_admin_log" VALUES(40,'1','Bibliotecario',2,'[{"changed": {"fields": ["Permissions"]}}]',3,1,'2023-03-30 20:06:25.039924');
INSERT INTO "django_admin_log" VALUES(41,'13','Reserva object (13)',3,'',14,1,'2023-04-08 22:26:51.369265');
INSERT INTO "django_admin_log" VALUES(42,'12','Reserva object (12)',3,'',14,1,'2023-04-08 22:26:51.673689');
CREATE UNIQUE INDEX "django_content_type_app_label_model_76bd3d3b_uniq" ON "django_content_type" ("app_label", "model");
CREATE UNIQUE INDEX "auth_group_permissions_group_id_permission_id_0cd325b0_uniq" ON "auth_group_permissions" ("group_id", "permission_id");
CREATE INDEX IF NOT EXISTS "auth_group_permissions_group_id_b120cbf9" ON "auth_group_permissions" ("group_id");
CREATE INDEX IF NOT EXISTS "auth_group_permissions_permission_id_84c5c92e" ON "auth_group_permissions" ("permission_id");
CREATE UNIQUE INDEX "auth_permission_content_type_id_codename_01ab375a_uniq" ON "auth_permission" ("content_type_id", "codename");
CREATE INDEX IF NOT EXISTS "auth_permission_content_type_id_2f476e4b" ON "auth_permission" ("content_type_id");
CREATE UNIQUE INDEX "user_user_groups_user_id_group_id_bb60391f_uniq" ON "user_user_groups" ("user_id", "group_id");
CREATE INDEX IF NOT EXISTS "user_user_groups_user_id_13f9a20d" ON "user_user_groups" ("user_id");
CREATE INDEX IF NOT EXISTS "user_user_groups_group_id_c57f13c0" ON "user_user_groups" ("group_id");
CREATE UNIQUE INDEX "user_user_user_permissions_user_id_permission_id_64f4d5b8_uniq" ON "user_user_user_permissions" ("user_id", "permission_id");
CREATE INDEX IF NOT EXISTS "user_user_user_permissions_user_id_31782f58" ON "user_user_user_permissions" ("user_id");
CREATE INDEX IF NOT EXISTS "user_user_user_permissions_permission_id_ce49d4de" ON "user_user_user_permissions" ("permission_id");
CREATE INDEX IF NOT EXISTS "django_admin_log_content_type_id_c4bce8eb" ON "django_admin_log" ("content_type_id");
CREATE INDEX IF NOT EXISTS "django_admin_log_user_id_c564eba6" ON "django_admin_log" ("user_id");
CREATE INDEX IF NOT EXISTS "base_suministro_beneficiario_id_0ebc3a2d" ON "base_suministro" ("beneficiario_id");
CREATE INDEX IF NOT EXISTS "base_detallesuministro_suministro_id_e1e7b69f" ON "base_detallesuministro" ("suministro_id");
CREATE INDEX IF NOT EXISTS "base_detallesuministro_producto_id_21dfda79" ON "base_detallesuministro" ("producto_id");
CREATE INDEX IF NOT EXISTS "django_session_expire_date_a5c62663" ON "django_session" ("expire_date");
CREATE INDEX IF NOT EXISTS "base_libro_autor_id_f72d898a" ON "base_libro" ("autor_id");
CREATE INDEX IF NOT EXISTS "base_productos_categoria_id_4a94a772" ON "base_productos" ("categoria_id");
CREATE INDEX IF NOT EXISTS "base_reserva_libro_id_e92a592b" ON "base_reserva" ("libro_id");
CREATE INDEX IF NOT EXISTS "base_reserva_lector_id_c4028b1c" ON "base_reserva" ("lector_id");
CREATE TABLE IF NOT EXISTS "django_content_type" ("id" integer NOT NULL PRIMARY KEY AUTOINCREMENT, "app_label" varchar(100) NOT NULL, "model" varchar(100) NOT NULL);
INSERT INTO "django_content_type" VALUES(1,'admin','logentry');
INSERT INTO "django_content_type" VALUES(2,'auth','permission');
INSERT INTO "django_content_type" VALUES(3,'auth','group');
INSERT INTO "django_content_type" VALUES(4,'contenttypes','contenttype');
INSERT INTO "django_content_type" VALUES(5,'sessions','session');
INSERT INTO "django_content_type" VALUES(6,'base','categoria');
INSERT INTO "django_content_type" VALUES(7,'base','detallesuministro');
INSERT INTO "django_content_type" VALUES(8,'base','suministro');
INSERT INTO "django_content_type" VALUES(9,'base','productos');
INSERT INTO "django_content_type" VALUES(10,'base','beneficiario');
INSERT INTO "django_content_type" VALUES(11,'base','autor');
INSERT INTO "django_content_type" VALUES(12,'base','libro');
INSERT INTO "django_content_type" VALUES(13,'user','user');
INSERT INTO "django_content_type" VALUES(14,'base','reserva');
INSERT INTO "django_content_type" VALUES(15,'base','eventos');
INSERT INTO "django_content_type" VALUES(16,'base','lector');
CREATE UNIQUE INDEX "django_content_type_app_label_model_76bd3d3b_uniq" ON "django_content_type" ("app_label", "model");
CREATE UNIQUE INDEX "auth_group_permissions_group_id_permission_id_0cd325b0_uniq" ON "auth_group_permissions" ("group_id", "permission_id");
CREATE INDEX IF NOT EXISTS "auth_group_permissions_group_id_b120cbf9" ON "auth_group_permissions" ("group_id");
CREATE INDEX IF NOT EXISTS "auth_group_permissions_permission_id_84c5c92e" ON "auth_group_permissions" ("permission_id");
CREATE UNIQUE INDEX "auth_permission_content_type_id_codename_01ab375a_uniq" ON "auth_permission" ("content_type_id", "codename");
CREATE INDEX IF NOT EXISTS "auth_permission_content_type_id_2f476e4b" ON "auth_permission" ("content_type_id");
CREATE UNIQUE INDEX "user_user_groups_user_id_group_id_bb60391f_uniq" ON "user_user_groups" ("user_id", "group_id");
CREATE INDEX IF NOT EXISTS "user_user_groups_user_id_13f9a20d" ON "user_user_groups" ("user_id");
CREATE INDEX IF NOT EXISTS "user_user_groups_group_id_c57f13c0" ON "user_user_groups" ("group_id");
CREATE UNIQUE INDEX "user_user_user_permissions_user_id_permission_id_64f4d5b8_uniq" ON "user_user_user_permissions" ("user_id", "permission_id");
CREATE INDEX IF NOT EXISTS "user_user_user_permissions_user_id_31782f58" ON "user_user_user_permissions" ("user_id");
CREATE INDEX IF NOT EXISTS "user_user_user_permissions_permission_id_ce49d4de" ON "user_user_user_permissions" ("permission_id");
CREATE INDEX IF NOT EXISTS "django_admin_log_content_type_id_c4bce8eb" ON "django_admin_log" ("content_type_id");
CREATE INDEX IF NOT EXISTS "django_admin_log_user_id_c564eba6" ON "django_admin_log" ("user_id");
CREATE INDEX IF NOT EXISTS "base_suministro_beneficiario_id_0ebc3a2d" ON "base_suministro" ("beneficiario_id");
CREATE INDEX IF NOT EXISTS "base_detallesuministro_suministro_id_e1e7b69f" ON "base_detallesuministro" ("suministro_id");
CREATE INDEX IF NOT EXISTS "base_detallesuministro_producto_id_21dfda79" ON "base_detallesuministro" ("producto_id");
CREATE INDEX IF NOT EXISTS "django_session_expire_date_a5c62663" ON "django_session" ("expire_date");
CREATE INDEX IF NOT EXISTS "base_libro_autor_id_f72d898a" ON "base_libro" ("autor_id");
CREATE INDEX IF NOT EXISTS "base_productos_categoria_id_4a94a772" ON "base_productos" ("categoria_id");
CREATE INDEX IF NOT EXISTS "base_reserva_libro_id_e92a592b" ON "base_reserva" ("libro_id");
CREATE INDEX IF NOT EXISTS "base_reserva_lector_id_c4028b1c" ON "base_reserva" ("lector_id");
CREATE TABLE IF NOT EXISTS "django_migrations" ("id" integer NOT NULL PRIMARY KEY AUTOINCREMENT, "app" varchar(255) NOT NULL, "name" varchar(255) NOT NULL, "applied" datetime NOT NULL);
INSERT INTO "django_migrations" VALUES(1,'contenttypes','0001_initial','2023-03-04 22:44:26.348398');
INSERT INTO "django_migrations" VALUES(2,'contenttypes','0002_remove_content_type_name','2023-03-04 22:44:26.378380');
INSERT INTO "django_migrations" VALUES(3,'auth','0001_initial','2023-03-04 22:44:26.412800');
INSERT INTO "django_migrations" VALUES(4,'auth','0002_alter_permission_name_max_length','2023-03-04 22:44:26.441345');
INSERT INTO "django_migrations" VALUES(5,'auth','0003_alter_user_email_max_length','2023-03-04 22:44:26.460335');
INSERT INTO "django_migrations" VALUES(6,'auth','0004_alter_user_username_opts','2023-03-04 22:44:26.483322');
INSERT INTO "django_migrations" VALUES(7,'auth','0005_alter_user_last_login_null','2023-03-04 22:44:26.502309');
INSERT INTO "django_migrations" VALUES(8,'auth','0006_require_contenttypes_0002','2023-03-04 22:44:26.513306');
INSERT INTO "django_migrations" VALUES(9,'auth','0007_alter_validators_add_error_messages','2023-03-04 22:44:26.532292');
INSERT INTO "django_migrations" VALUES(10,'auth','0008_alter_user_username_max_length','2023-03-04 22:44:26.552282');
INSERT INTO "django_migrations" VALUES(11,'auth','0009_alter_user_last_name_max_length','2023-03-04 22:44:26.581760');
INSERT INTO "django_migrations" VALUES(12,'auth','0010_alter_group_name_max_length','2023-03-04 22:44:26.610745');
INSERT INTO "django_migrations" VALUES(13,'auth','0011_update_proxy_permissions','2023-03-04 22:44:26.627739');
INSERT INTO "django_migrations" VALUES(14,'auth','0012_alter_user_first_name_max_length','2023-03-04 22:44:26.646728');
INSERT INTO "django_migrations" VALUES(15,'user','0001_initial','2023-03-04 22:44:26.693701');
INSERT INTO "django_migrations" VALUES(16,'admin','0001_initial','2023-03-04 22:44:26.738970');
INSERT INTO "django_migrations" VALUES(17,'admin','0002_logentry_remove_auto_add','2023-03-04 22:44:26.781935');
INSERT INTO "django_migrations" VALUES(18,'admin','0003_logentry_add_action_flag_choices','2023-03-04 22:44:26.799933');
INSERT INTO "django_migrations" VALUES(19,'base','0001_initial','2023-03-04 22:44:26.816925');
INSERT INTO "django_migrations" VALUES(20,'base','0002_categoria_cliente_detallesuministro_productos_and_more','2023-03-04 22:44:26.891885');
INSERT INTO "django_migrations" VALUES(21,'base','0003_alter_categoria_options_alter_cliente_cedula_and_more','2023-03-04 22:44:26.912912');
INSERT INTO "django_migrations" VALUES(22,'base','0004_alter_categoria_options_categoria_descripcion','2023-03-04 22:44:26.946896');
INSERT INTO "django_migrations" VALUES(23,'base','0005_alter_categoria_options','2023-03-04 22:44:26.964883');
INSERT INTO "django_migrations" VALUES(24,'base','0006_rename_productos_producto','2023-03-04 22:44:27.032846');
INSERT INTO "django_migrations" VALUES(25,'base','0007_rename_producto_productos','2023-03-04 22:44:27.109068');
INSERT INTO "django_migrations" VALUES(26,'base','0008_rename_cliente_beneficiario_and_more','2023-03-04 22:44:27.191345');
INSERT INTO "django_migrations" VALUES(27,'base','0009_alter_productos_pvp','2023-03-04 22:44:27.218612');
INSERT INTO "django_migrations" VALUES(28,'base','0010_alter_productos_pvp','2023-03-04 22:44:27.249671');
INSERT INTO "django_migrations" VALUES(29,'base','0011_alter_productos_pvp','2023-03-04 22:44:27.280656');
INSERT INTO "django_migrations" VALUES(30,'base','0012_remove_beneficiario_sexo_beneficiario_genero','2023-03-04 22:44:27.315380');
INSERT INTO "django_migrations" VALUES(31,'base','0013_remove_beneficiario_genero_beneficiario_sexo','2023-03-04 22:44:27.348360');
INSERT INTO "django_migrations" VALUES(32,'base','0014_detallesuministro_precio_detallesuministro_subtotal_and_more','2023-03-04 22:44:27.429314');
INSERT INTO "django_migrations" VALUES(33,'base','0015_rename_producto_detallesuministro_productos_and_more','2023-03-04 22:44:27.473257');
INSERT INTO "django_migrations" VALUES(34,'base','0016_rename_productos_detallesuministro_producto','2023-03-04 22:44:27.505239');
INSERT INTO "django_migrations" VALUES(35,'base','0017_autor','2023-03-04 22:44:27.518237');
INSERT INTO "django_migrations" VALUES(36,'base','0018_remove_autor_estado','2023-03-04 22:44:27.540221');
INSERT INTO "django_migrations" VALUES(37,'base','0019_rename_descripcion_autor_descripciones','2023-03-04 22:44:27.575199');
INSERT INTO "django_migrations" VALUES(38,'base','0020_rename_sexo_beneficiario_gender','2023-03-04 22:44:27.600185');
INSERT INTO "django_migrations" VALUES(39,'base','0021_alter_beneficiario_gender_libro','2023-03-04 22:44:27.641206');
INSERT INTO "django_migrations" VALUES(40,'base','0022_rename_descripciones_autor_descripcion','2023-03-04 22:44:27.690176');
INSERT INTO "django_migrations" VALUES(41,'base','0023_remove_beneficiario_cedula_beneficiario_barrio_and_more','2023-03-04 22:44:27.807112');
INSERT INTO "django_migrations" VALUES(42,'base','0024_alter_beneficiario_gender','2023-03-04 22:44:27.863080');
INSERT INTO "django_migrations" VALUES(43,'base','0025_alter_libro_options','2023-03-04 22:44:27.876076');
INSERT INTO "django_migrations" VALUES(44,'base','0026_alter_libro_options','2023-03-04 22:44:27.894065');
INSERT INTO "django_migrations" VALUES(45,'sessions','0001_initial','2023-03-04 22:44:27.932042');
INSERT INTO "django_migrations" VALUES(46,'user','0002_rename_imagen_user_image','2023-03-05 03:06:05.063269');
INSERT INTO "django_migrations" VALUES(47,'user','0003_user_documento_user_tipodocumento','2023-03-06 14:03:45.301312');
INSERT INTO "django_migrations" VALUES(48,'base','0027_alter_autor_options_alter_libro_options_and_more','2023-03-11 01:03:58.620997');
INSERT INTO "django_migrations" VALUES(49,'base','0028_remove_libro_fecha_creacion','2023-03-11 01:44:39.839691');
INSERT INTO "django_migrations" VALUES(50,'base','0029_libro_cantidad_libro_descripcion_libro_estado_and_more','2023-03-13 01:31:34.088311');
INSERT INTO "django_migrations" VALUES(51,'base','0030_remove_autor_apellidos_alter_autor_nombres','2023-03-13 01:40:54.396228');
INSERT INTO "django_migrations" VALUES(52,'user','0004_user_token','2023-03-15 02:37:32.774109');
INSERT INTO "django_migrations" VALUES(53,'base','0031_productos_stock','2023-03-15 16:30:24.773931');
INSERT INTO "django_migrations" VALUES(54,'base','0032_libro_genero_reserva','2023-03-16 15:54:49.264304');
INSERT INTO "django_migrations" VALUES(55,'base','0033_remove_autor_fecha_creacion','2023-03-16 16:05:39.059052');
INSERT INTO "django_migrations" VALUES(56,'base','0034_autor_fecha_creacion','2023-03-16 16:15:33.748757');
INSERT INTO "django_migrations" VALUES(57,'base','0035_alter_libro_f_publicacion','2023-03-17 15:12:53.460113');
INSERT INTO "django_migrations" VALUES(58,'base','0036_eventos_alter_autor_descripcion_and_more','2023-03-19 16:14:49.736914');
INSERT INTO "django_migrations" VALUES(59,'user','0005_alter_user_image','2023-03-19 16:14:49.857316');
INSERT INTO "django_migrations" VALUES(60,'base','0037_alter_reserva_options_remove_reserva_cantidad_dias_and_more','2023-03-19 18:20:03.894126');
INSERT INTO "django_migrations" VALUES(61,'base','0038_alter_eventos_descripcion','2023-03-19 20:09:19.733599');
INSERT INTO "django_migrations" VALUES(62,'base','0039_alter_reserva_id','2023-03-19 20:16:04.949197');
INSERT INTO "django_migrations" VALUES(63,'base','0040_alter_reserva_id','2023-03-19 20:17:06.721627');
INSERT INTO "django_migrations" VALUES(64,'base','0041_alter_productos_stock','2023-03-19 20:42:16.824563');
INSERT INTO "django_migrations" VALUES(65,'base','0042_alter_productos_stock','2023-03-19 21:03:15.980247');
INSERT INTO "django_migrations" VALUES(66,'base','0043_alter_productos_stock','2023-03-19 21:03:16.253012');
INSERT INTO "django_migrations" VALUES(67,'base','0044_alter_productos_stock','2023-03-19 21:03:16.445403');
INSERT INTO "django_migrations" VALUES(68,'base','0045_remove_productos_stock','2023-03-19 21:03:16.645095');
INSERT INTO "django_migrations" VALUES(69,'base','0046_productos_stock','2023-03-19 21:03:16.915593');
INSERT INTO "django_migrations" VALUES(70,'base','0047_alter_productos_stock','2023-03-19 21:03:17.150065');
INSERT INTO "django_migrations" VALUES(71,'base','0048_alter_productos_stock','2023-03-19 21:06:27.413683');
INSERT INTO "django_migrations" VALUES(72,'base','0049_productos_tipobeneficio','2023-03-20 05:50:44.717851');
INSERT INTO "django_migrations" VALUES(73,'base','0050_remove_productos_tipobeneficio_productos_tipo','2023-03-20 06:05:47.693362');
INSERT INTO "django_migrations" VALUES(74,'base','0051_beneficiario_tipo','2023-03-20 06:22:34.743105');
INSERT INTO "django_migrations" VALUES(75,'base','0052_alter_beneficiario_tipo','2023-03-20 06:27:13.920320');
INSERT INTO "django_migrations" VALUES(76,'base','0053_rename_fecha_reserva_fecha9','2023-03-20 07:04:16.092675');
INSERT INTO "django_migrations" VALUES(77,'base','0054_reserva_fecha8','2023-03-20 07:09:05.759415');
INSERT INTO "django_migrations" VALUES(78,'base','0055_alter_beneficiario_tipo','2023-03-21 22:41:37.561608');
INSERT INTO "django_migrations" VALUES(79,'base','0056_autor_estado_eventos_estado','2023-03-22 09:27:10.316914');
INSERT INTO "django_migrations" VALUES(80,'base','0057_eventos_ubicacion_alter_eventos_descripcion','2023-03-27 16:37:27.213819');
INSERT INTO "django_migrations" VALUES(81,'base','0058_alter_eventos_descripcion','2023-03-27 16:37:27.332426');
INSERT INTO "django_migrations" VALUES(82,'base','0059_alter_eventos_descripcion','2023-03-27 16:39:20.367551');
INSERT INTO "django_migrations" VALUES(83,'base','0060_lector','2023-04-07 21:30:22.790332');
INSERT INTO "django_migrations" VALUES(84,'base','0061_remove_lector_tipo','2023-04-07 22:10:34.677194');
INSERT INTO "django_migrations" VALUES(85,'base','0062_remove_reserva_beneficiario_reserva_lector','2023-04-08 22:22:23.487471');
INSERT INTO "django_migrations" VALUES(86,'base','0063_reserva_estados','2023-04-08 23:59:10.773091');
CREATE UNIQUE INDEX "django_content_type_app_label_model_76bd3d3b_uniq" ON "django_content_type" ("app_label", "model");
CREATE UNIQUE INDEX "auth_group_permissions_group_id_permission_id_0cd325b0_uniq" ON "auth_group_permissions" ("group_id", "permission_id");
CREATE INDEX IF NOT EXISTS "auth_group_permissions_group_id_b120cbf9" ON "auth_group_permissions" ("group_id");
CREATE INDEX IF NOT EXISTS "auth_group_permissions_permission_id_84c5c92e" ON "auth_group_permissions" ("permission_id");
CREATE UNIQUE INDEX "auth_permission_content_type_id_codename_01ab375a_uniq" ON "auth_permission" ("content_type_id", "codename");
CREATE INDEX IF NOT EXISTS "auth_permission_content_type_id_2f476e4b" ON "auth_permission" ("content_type_id");
CREATE UNIQUE INDEX "user_user_groups_user_id_group_id_bb60391f_uniq" ON "user_user_groups" ("user_id", "group_id");
CREATE INDEX IF NOT EXISTS "user_user_groups_user_id_13f9a20d" ON "user_user_groups" ("user_id");
CREATE INDEX IF NOT EXISTS "user_user_groups_group_id_c57f13c0" ON "user_user_groups" ("group_id");
CREATE UNIQUE INDEX "user_user_user_permissions_user_id_permission_id_64f4d5b8_uniq" ON "user_user_user_permissions" ("user_id", "permission_id");
CREATE INDEX IF NOT EXISTS "user_user_user_permissions_user_id_31782f58" ON "user_user_user_permissions" ("user_id");
CREATE INDEX IF NOT EXISTS "user_user_user_permissions_permission_id_ce49d4de" ON "user_user_user_permissions" ("permission_id");
CREATE INDEX IF NOT EXISTS "django_admin_log_content_type_id_c4bce8eb" ON "django_admin_log" ("content_type_id");
CREATE INDEX IF NOT EXISTS "django_admin_log_user_id_c564eba6" ON "django_admin_log" ("user_id");
CREATE INDEX IF NOT EXISTS "base_suministro_beneficiario_id_0ebc3a2d" ON "base_suministro" ("beneficiario_id");
CREATE INDEX IF NOT EXISTS "base_detallesuministro_suministro_id_e1e7b69f" ON "base_detallesuministro" ("suministro_id");
CREATE INDEX IF NOT EXISTS "base_detallesuministro_producto_id_21dfda79" ON "base_detallesuministro" ("producto_id");
CREATE INDEX IF NOT EXISTS "django_session_expire_date_a5c62663" ON "django_session" ("expire_date");
CREATE INDEX IF NOT EXISTS "base_libro_autor_id_f72d898a" ON "base_libro" ("autor_id");
CREATE INDEX IF NOT EXISTS "base_productos_categoria_id_4a94a772" ON "base_productos" ("categoria_id");
CREATE INDEX IF NOT EXISTS "base_reserva_libro_id_e92a592b" ON "base_reserva" ("libro_id");
CREATE INDEX IF NOT EXISTS "base_reserva_lector_id_c4028b1c" ON "base_reserva" ("lector_id");
CREATE TABLE IF NOT EXISTS "django_session" ("session_key" varchar(40) NOT NULL PRIMARY KEY, "session_data" text NOT NULL, "expire_date" datetime NOT NULL);
INSERT INTO "django_session" VALUES('z5dlurxu99wue4c6ojcnxabn4dl8s9t2','.eJxVjDsOwjAQBe_iGln-xgklPWewvN5dHEC2FCcV4u4QKQW0b2beS8S0rSVunZY4ozgLLU6_G6T8oLoDvKd6azK3ui4zyF2RB-3y2pCel8P9Oyipl28NYIMOSoNlYm8cEgQGZoXOZSQFCgY1qsm6yViNAdkzJ5M0DD6PZMX7AwLCOK8:1pZMxL:ujSLGF9o-W32UT5kkVr0tKg1w4_2JeJDUVYMhsqWjio','2023-03-21 02:21:35.088765');
INSERT INTO "django_session" VALUES('v147xnsf2x2cvcg940zjcouxlrgfo08f','.eJxVjDEOgzAQBP_iOrJs4IBLmZ43WOfzOSaJbAlDFeXvAYkiabbYmd23crStyW1VFjcHdVWgLr-dJ35KPkB4UL4XzSWvy-z1oeiTVj2VIK_b6f4dJKppX48dAO8hYqG10cYWPEYO1lMzSAe9wd4bxEANDxBH23kjDUnLTIgo6vMF3Gw4Eg:1pa67J:pnKOZBPNks89BojhH81XuK7VO0RLY8A6C6NGJSd4xME','2023-03-23 02:34:53.691497');
INSERT INTO "django_session" VALUES('gemg0bm1ekwm0ypocdkm2jlvxjp041t5','.eJxVjDsOwjAQRO_iGllZ418o6XMGa-314gBypDipEHcHSymgGmnem3mJgPtWwt7yGmYSFwHi9NtFTI9cO6A71tsi01K3dY6yK_KgTU4L5ef1cP8OCrbS1zoaZh41KgBtnHOaLJFlzxDhm_aMPgMmO2rlEppICrVBn3jwcTDi_QH2ZDhm:1pcHpf:KthrZyUS5yhCeuUOJQ9QFciL0AN97WSNh4s0iZG7iP8','2023-03-29 03:29:43.116470');
INSERT INTO "django_session" VALUES('74zxwtaffuip6ogmyhtgwe4nd5ejw53k','.eJxVjDsOwjAQRO_iGllZ418o6XMGa-314gBypDipEHcHSymgGmnem3mJgPtWwt7yGmYSFwHi9NtFTI9cO6A71tsi01K3dY6yK_KgTU4L5ef1cP8OCrbS1zoaZh41KgBtnHOaLJFlzxDhm_aMPgMmO2rlEppICrVBn3jwcTDi_QH2ZDhm:1pcpnG:fUHnuUWkB4Y4mtfGAvLIuPngwjQZMYJ7IAZFW3sTgsM','2023-03-30 15:45:30.726965');
INSERT INTO "django_session" VALUES('dzzhe9satfx9k6bwbeg5vrkacis8589o','.eJxVjDsOwjAQRO_iGllZ418o6XMGa-314gBypDipEHcHSymgGmnem3mJgPtWwt7yGmYSFwHi9NtFTI9cO6A71tsi01K3dY6yK_KgTU4L5ef1cP8OCrbS1zoaZh41KgBtnHOaLJFlzxDhm_aMPgMmO2rlEppICrVBn3jwcTDi_QH2ZDhm:1pdGbH:1D7GA69fxpfbklLxiE5yQpIappjhX6JPMnUgGbihffM','2023-03-31 20:22:55.026210');
INSERT INTO "django_session" VALUES('wadhu3gzkjxhksc4pa9uva3f7xkqf2em','.eJxVjDsOwjAQRO_iGllZ418o6XMGa-314gBypDipEHcHSymgGmnem3mJgPtWwt7yGmYSFwHi9NtFTI9cO6A71tsi01K3dY6yK_KgTU4L5ef1cP8OCrbS1zoaZh41KgBtnHOaLJFlzxDhm_aMPgMmO2rlEppICrVBn3jwcTDi_QH2ZDhm:1pdLVW:mRVNy2bgZz8pkYQptiJQuPoxQO_RaH4medUqQwoILA0','2023-04-01 01:37:18.719101');
INSERT INTO "django_session" VALUES('gyawjwttgkgsltcndg5fd4oetmj63li7','.eJxVjDsOwjAQRO_iGllZ418o6XMGa-314gBypDipEHcHSymgGmnem3mJgPtWwt7yGmYSFwHi9NtFTI9cO6A71tsi01K3dY6yK_KgTU4L5ef1cP8OCrbS1zoaZh41KgBtnHOaLJFlzxDhm_aMPgMmO2rlEppICrVBn3jwcTDi_QH2ZDhm:1pduXt:B1u1LK6Ainw00v7O0SnYGvMUuYsurwfYHOwXg_Tio78','2023-04-02 15:02:05.452707');
INSERT INTO "django_session" VALUES('smeby2xh6977t34aqbu9g4zz4clc9s81','.eJxVjDsOwjAQRO_iGlnY8W8p6XMGa3dtcADZUpxUiLuTSCmgG817M28RcV1KXHue45TERThx-u0I-ZnrDtID671JbnWZJ5K7Ig_a5dhSfl0P9--gYC_b2nrDig2QSuiswfNND2T0lnVg7Rx6R4YJAg3BYEZQnAhYgfaAloL4fAHb8jfV:1pej14:jWWW5a_FuVc41hzM9ufRwsXTUQOgfMIa1GV6OSiNii4','2023-04-04 20:55:34.840381');
INSERT INTO "django_session" VALUES('jfqdwbtcpzjgm4eq8iei8188gwz9e6mt','.eJxVjDsOwjAQRO_iGllZ418o6XMGa-314gBypDipEHcHSymgGmnem3mJgPtWwt7yGmYSFwHi9NtFTI9cO6A71tsi01K3dY6yK_KgTU4L5ef1cP8OCrbS1zoaZh41KgBtnHOaLJFlzxDhm_aMPgMmO2rlEppICrVBn3jwcTDi_QH2ZDhm:1pfWlK:CxNl3eNNY1yr3l9r4nAuuB7U5MHqbEqy9rMUjq2tqSw','2023-04-07 02:02:38.186229');
INSERT INTO "django_session" VALUES('lqlnnwk9w7cld35nb8fzdxdslfn76cj6','.eJxVjDsOwjAQRO_iGllZ418o6XMGa-314gBypDipEHcHSymgGmnem3mJgPtWwt7yGmYSFwHi9NtFTI9cO6A71tsi01K3dY6yK_KgTU4L5ef1cP8OCrbS1zoaZh41KgBtnHOaLJFlzxDhm_aMPgMmO2rlEppICrVBn3jwcTDi_QH2ZDhm:1pgxXL:ekfcyKTUIL6ckYKVtlDY_nXuuz1pd_vZuGYoClKM0Dg','2023-04-11 00:50:07.431520');
INSERT INTO "django_session" VALUES('9w2y7dquemq8zvtze3xi6fied1zbr691','.eJxVjDsOwjAQBe_iGlnxGn9CSZ8zWLveDQ4gR4qTCnF3iJQC2jcz76USbmtJW5MlTawuKqrT70aYH1J3wHest1nnua7LRHpX9EGbHmaW5_Vw_w4KtvKtz44jZMAMFiiyod5mL2CJAtggve-cMcA4ukwjiPUSjPEcJYgJ2KF6fwDjszf1:1pgyQY:if_9oVDkci586W-OfbptKcrszSjAzvic9Ac3ipkV03U','2023-04-11 01:47:10.410545');
INSERT INTO "django_session" VALUES('4zfx42hiyzmnv3djewpt92fxtq99u52m','.eJxNkE1LAzEQhq20KmIVBP-DvYR2t_t1k148iBf9ASEfk27sNimbXW9CPSgIuXX8v2a3FZrb5H3fmWdmO_rdDk7694H3fkxZ25S0dVBTLdEPUvS3R3-ciRWYIEzkGzNLS4Q1Ta056SzkoDrybCVUi3_vzVGDkrkS_cNcxZwncSzzNC_SRLAoF0pGoCKmknkKPEpmaaYKnkGaZyAZFMk0hqnMi5lUU4Z-tKxtu0F_dwCRnKy7qS5QOEB_3Ve0NRstVhXgDv2wwwjJxz75jV_4gt3SZ9Q1rAEsL_xlT_7alzucfO51JqU2S_zxp5KjP5egWFs16K-Uhko6KpgoIVhb7k_D1Z4GfmjYOkCMF5pX2jYgWK1td4k9LX2H2mlrAsyczEgWki35A6kKkxM:1phyXB:tX8QjNTpBTwg5JuyemZeXzyLb2P_ifeadfCgsilhARY','2023-04-13 20:06:09.119235');
INSERT INTO "django_session" VALUES('5ym2dgrae8mmps96c92ilpt4kiqv4z9x','.eJxNkM1KAzEUhW1pVcQqCL6D3YROzfx0J924EDf6AOHmbyZ2mimTGXdCXSgI2fX6vmamFXo3l5tzTvLlbse_28FJXx945ycM2qZgrVM1MxL9IEJ_c3TGQayUDcJUvoHNKyIq29SGk85CDqojz5VU5fLfe310QQGuQP8gKY-11gsK8yiicZqmVCZSJjrTEY9CT-4hUxGIZEHnqYCYyznQGDKhZxmfxejHeV21G_S3BxDJybp71QUKp9Bf9RNr7caIValwh37UYYTkY5_8xi98we7Tp8w10Cgszv1FT_7ajzucfu51kNLYHH_8UHL0Z1JpaMsG_aU2qpSOCRCFCtaW-2HY2tPAjyysA8RkaXhpqkYJqE3VbWJPy95V7UxlAwwlEUlDsiV_kuuS-Q:1phyew:Zu3nMaGUDptgssezDnbeE4eJxLx_X9uyAIJMdOZFBbM','2023-04-13 20:14:10.124012');
INSERT INTO "django_session" VALUES('55n5vqphvfa3t07y1o0hkh9633ddvwvo','.eJxNkMtOwzAQRWnUAuIpIfEPdGM1Ja_uECxYIDbwAdbYYzehaVzFCTsQLEBC8q7D_-KkRepsRuN7r308H6Pf98FeX2905U45tE3OW6tqXiC5QUjuYudMgFyoygtjfIFqbpg0VVMXgnUWtlUtezSoytt_7_nOBTnYnNwNRiLWWs8imIZhFKdpGmGCmOhMhyL0PbmGTIUgk1k0TSXEAqcQxZBJPcnEJCY3mtemXZG73IKgYMvuVesprCJ31k-8rVaFXJSK1uSGHYZP3vfJb_qiJ-o-vc9tA42i_NAd9eTP_bim8edGB8SimtOPC1CQO0CloS0bcie6UCVaLkHmyltb4QK_tYfADStYeojjO2NqnwU0dbeHDSt_VbUtTOVRIhay1Oda9gdqJ5Iy:1pktRy:2om7sOdl4lIC4bKWhD_NBr5W1_oQBK9wocUsB7tR01c','2023-04-21 21:16:50.286851');
CREATE UNIQUE INDEX "django_content_type_app_label_model_76bd3d3b_uniq" ON "django_content_type" ("app_label", "model");
CREATE UNIQUE INDEX "auth_group_permissions_group_id_permission_id_0cd325b0_uniq" ON "auth_group_permissions" ("group_id", "permission_id");
CREATE INDEX IF NOT EXISTS "auth_group_permissions_group_id_b120cbf9" ON "auth_group_permissions" ("group_id");
CREATE INDEX IF NOT EXISTS "auth_group_permissions_permission_id_84c5c92e" ON "auth_group_permissions" ("permission_id");
CREATE UNIQUE INDEX "auth_permission_content_type_id_codename_01ab375a_uniq" ON "auth_permission" ("content_type_id", "codename");
CREATE INDEX IF NOT EXISTS "auth_permission_content_type_id_2f476e4b" ON "auth_permission" ("content_type_id");
CREATE UNIQUE INDEX "user_user_groups_user_id_group_id_bb60391f_uniq" ON "user_user_groups" ("user_id", "group_id");
CREATE INDEX IF NOT EXISTS "user_user_groups_user_id_13f9a20d" ON "user_user_groups" ("user_id");
CREATE INDEX IF NOT EXISTS "user_user_groups_group_id_c57f13c0" ON "user_user_groups" ("group_id");
CREATE UNIQUE INDEX "user_user_user_permissions_user_id_permission_id_64f4d5b8_uniq" ON "user_user_user_permissions" ("user_id", "permission_id");
CREATE INDEX IF NOT EXISTS "user_user_user_permissions_user_id_31782f58" ON "user_user_user_permissions" ("user_id");
CREATE INDEX IF NOT EXISTS "user_user_user_permissions_permission_id_ce49d4de" ON "user_user_user_permissions" ("permission_id");
CREATE INDEX IF NOT EXISTS "django_admin_log_content_type_id_c4bce8eb" ON "django_admin_log" ("content_type_id");
CREATE INDEX IF NOT EXISTS "django_admin_log_user_id_c564eba6" ON "django_admin_log" ("user_id");
CREATE INDEX IF NOT EXISTS "base_suministro_beneficiario_id_0ebc3a2d" ON "base_suministro" ("beneficiario_id");
CREATE INDEX IF NOT EXISTS "base_detallesuministro_suministro_id_e1e7b69f" ON "base_detallesuministro" ("suministro_id");
CREATE INDEX IF NOT EXISTS "base_detallesuministro_producto_id_21dfda79" ON "base_detallesuministro" ("producto_id");
CREATE INDEX IF NOT EXISTS "django_session_expire_date_a5c62663" ON "django_session" ("expire_date");
CREATE INDEX IF NOT EXISTS "base_libro_autor_id_f72d898a" ON "base_libro" ("autor_id");
CREATE INDEX IF NOT EXISTS "base_productos_categoria_id_4a94a772" ON "base_productos" ("categoria_id");
CREATE INDEX IF NOT EXISTS "base_reserva_libro_id_e92a592b" ON "base_reserva" ("libro_id");
CREATE INDEX IF NOT EXISTS "base_reserva_lector_id_c4028b1c" ON "base_reserva" ("lector_id");
CREATE TABLE IF NOT EXISTS "user_user" ("id" integer NOT NULL PRIMARY KEY AUTOINCREMENT, "password" varchar(128) NOT NULL, "last_login" datetime NULL, "is_superuser" bool NOT NULL, "username" varchar(150) NOT NULL UNIQUE, "first_name" varchar(150) NOT NULL, "last_name" varchar(150) NOT NULL, "email" varchar(254) NOT NULL, "is_staff" bool NOT NULL, "is_active" bool NOT NULL, "date_joined" datetime NOT NULL, "image" varchar(100) NULL, "documento" integer NULL UNIQUE, "tipoDocumento" varchar(25) NOT NULL, "token" char(32) NULL);
INSERT INTO "user_user" VALUES(1,'pbkdf2_sha256$390000$SS8Dp3C3TdsMNmuPuSqVHn$5gmWiDGuml0McLKO5pAYHDAoDjb9Ha3CwUAE1N1wG8U=','2023-04-07 21:16:49.389788',1,'Fresmik','kevin','Salazar','salazark-98@hotmail.com',1,1,'2023-03-04 22:46:32','users/2023/03/04/6073fbf151fa4565d48572dc_GitHub_aprender-programaciB3n.jpeg',1118572549,'Cédula de Ciudadanía','48011a0dba5a4180889a1d2bc8fe8f0c');
INSERT INTO "user_user" VALUES(6,'pbkdf2_sha256$390000$Utn63KHQRpbGAAJ2oj41Uj$iYkcan35kL4w0Eg30Wq0uOJlITVpgindnz29TatGAMU=','2023-03-30 20:13:48.886649',0,'Angelica','Angelica','Montealegre','salazark-98@hotmail.com',0,1,'2023-03-13 16:26:04','',1115546545,'Cédula de Ciudadanía',NULL);
INSERT INTO "user_user" VALUES(8,'pbkdf2_sha256$390000$TiY2BmDWAdOo5ozMFdahtk$+Ijj3+X3g+3Si2dI+1b47p3JNrTjVJ6Ek8yo5Qu6/IM=','2023-03-28 01:47:10.342866',0,'Navicaros','Oscar Ivan','Orjuela Barrantes','oscariorjuela@gmail.com',0,1,'2023-03-28 01:45:19.602530','',1030655654,'Cédula de Ciudadanía','85f1ce357200497499848f2086aeb5da');
CREATE UNIQUE INDEX "django_content_type_app_label_model_76bd3d3b_uniq" ON "django_content_type" ("app_label", "model");
CREATE UNIQUE INDEX "auth_group_permissions_group_id_permission_id_0cd325b0_uniq" ON "auth_group_permissions" ("group_id", "permission_id");
CREATE INDEX IF NOT EXISTS "auth_group_permissions_group_id_b120cbf9" ON "auth_group_permissions" ("group_id");
CREATE INDEX IF NOT EXISTS "auth_group_permissions_permission_id_84c5c92e" ON "auth_group_permissions" ("permission_id");
CREATE UNIQUE INDEX "auth_permission_content_type_id_codename_01ab375a_uniq" ON "auth_permission" ("content_type_id", "codename");
CREATE INDEX IF NOT EXISTS "auth_permission_content_type_id_2f476e4b" ON "auth_permission" ("content_type_id");
CREATE UNIQUE INDEX "user_user_groups_user_id_group_id_bb60391f_uniq" ON "user_user_groups" ("user_id", "group_id");
CREATE INDEX IF NOT EXISTS "user_user_groups_user_id_13f9a20d" ON "user_user_groups" ("user_id");
CREATE INDEX IF NOT EXISTS "user_user_groups_group_id_c57f13c0" ON "user_user_groups" ("group_id");
CREATE UNIQUE INDEX "user_user_user_permissions_user_id_permission_id_64f4d5b8_uniq" ON "user_user_user_permissions" ("user_id", "permission_id");
CREATE INDEX IF NOT EXISTS "user_user_user_permissions_user_id_31782f58" ON "user_user_user_permissions" ("user_id");
CREATE INDEX IF NOT EXISTS "user_user_user_permissions_permission_id_ce49d4de" ON "user_user_user_permissions" ("permission_id");
CREATE INDEX IF NOT EXISTS "django_admin_log_content_type_id_c4bce8eb" ON "django_admin_log" ("content_type_id");
CREATE INDEX IF NOT EXISTS "django_admin_log_user_id_c564eba6" ON "django_admin_log" ("user_id");
CREATE INDEX IF NOT EXISTS "base_suministro_beneficiario_id_0ebc3a2d" ON "base_suministro" ("beneficiario_id");
CREATE INDEX IF NOT EXISTS "base_detallesuministro_suministro_id_e1e7b69f" ON "base_detallesuministro" ("suministro_id");
CREATE INDEX IF NOT EXISTS "base_detallesuministro_producto_id_21dfda79" ON "base_detallesuministro" ("producto_id");
CREATE INDEX IF NOT EXISTS "django_session_expire_date_a5c62663" ON "django_session" ("expire_date");
CREATE INDEX IF NOT EXISTS "base_libro_autor_id_f72d898a" ON "base_libro" ("autor_id");
CREATE INDEX IF NOT EXISTS "base_productos_categoria_id_4a94a772" ON "base_productos" ("categoria_id");
CREATE INDEX IF NOT EXISTS "base_reserva_libro_id_e92a592b" ON "base_reserva" ("libro_id");
CREATE INDEX IF NOT EXISTS "base_reserva_lector_id_c4028b1c" ON "base_reserva" ("lector_id");
CREATE TABLE IF NOT EXISTS "user_user_groups" ("id" integer NOT NULL PRIMARY KEY AUTOINCREMENT, "user_id" bigint NOT NULL REFERENCES "user_user" ("id") DEFERRABLE INITIALLY DEFERRED, "group_id" integer NOT NULL REFERENCES "auth_group" ("id") DEFERRABLE INITIALLY DEFERRED);
INSERT INTO "user_user_groups" VALUES(4,6,1);
INSERT INTO "user_user_groups" VALUES(5,1,2);
CREATE UNIQUE INDEX "django_content_type_app_label_model_76bd3d3b_uniq" ON "django_content_type" ("app_label", "model");
CREATE UNIQUE INDEX "auth_group_permissions_group_id_permission_id_0cd325b0_uniq" ON "auth_group_permissions" ("group_id", "permission_id");
CREATE INDEX IF NOT EXISTS "auth_group_permissions_group_id_b120cbf9" ON "auth_group_permissions" ("group_id");
CREATE INDEX IF NOT EXISTS "auth_group_permissions_permission_id_84c5c92e" ON "auth_group_permissions" ("permission_id");
CREATE UNIQUE INDEX "auth_permission_content_type_id_codename_01ab375a_uniq" ON "auth_permission" ("content_type_id", "codename");
CREATE INDEX IF NOT EXISTS "auth_permission_content_type_id_2f476e4b" ON "auth_permission" ("content_type_id");
CREATE UNIQUE INDEX "user_user_groups_user_id_group_id_bb60391f_uniq" ON "user_user_groups" ("user_id", "group_id");
CREATE INDEX IF NOT EXISTS "user_user_groups_user_id_13f9a20d" ON "user_user_groups" ("user_id");
CREATE INDEX IF NOT EXISTS "user_user_groups_group_id_c57f13c0" ON "user_user_groups" ("group_id");
CREATE UNIQUE INDEX "user_user_user_permissions_user_id_permission_id_64f4d5b8_uniq" ON "user_user_user_permissions" ("user_id", "permission_id");
CREATE INDEX IF NOT EXISTS "user_user_user_permissions_user_id_31782f58" ON "user_user_user_permissions" ("user_id");
CREATE INDEX IF NOT EXISTS "user_user_user_permissions_permission_id_ce49d4de" ON "user_user_user_permissions" ("permission_id");
CREATE INDEX IF NOT EXISTS "django_admin_log_content_type_id_c4bce8eb" ON "django_admin_log" ("content_type_id");
CREATE INDEX IF NOT EXISTS "django_admin_log_user_id_c564eba6" ON "django_admin_log" ("user_id");
CREATE INDEX IF NOT EXISTS "base_suministro_beneficiario_id_0ebc3a2d" ON "base_suministro" ("beneficiario_id");
CREATE INDEX IF NOT EXISTS "base_detallesuministro_suministro_id_e1e7b69f" ON "base_detallesuministro" ("suministro_id");
CREATE INDEX IF NOT EXISTS "base_detallesuministro_producto_id_21dfda79" ON "base_detallesuministro" ("producto_id");
CREATE INDEX IF NOT EXISTS "django_session_expire_date_a5c62663" ON "django_session" ("expire_date");
CREATE INDEX IF NOT EXISTS "base_libro_autor_id_f72d898a" ON "base_libro" ("autor_id");
CREATE INDEX IF NOT EXISTS "base_productos_categoria_id_4a94a772" ON "base_productos" ("categoria_id");
CREATE INDEX IF NOT EXISTS "base_reserva_libro_id_e92a592b" ON "base_reserva" ("libro_id");
CREATE INDEX IF NOT EXISTS "base_reserva_lector_id_c4028b1c" ON "base_reserva" ("lector_id");
CREATE TABLE IF NOT EXISTS "user_user_user_permissions" ("id" integer NOT NULL PRIMARY KEY AUTOINCREMENT, "user_id" bigint NOT NULL REFERENCES "user_user" ("id") DEFERRABLE INITIALLY DEFERRED, "permission_id" integer NOT NULL REFERENCES "auth_permission" ("id") DEFERRABLE INITIALLY DEFERRED);
INSERT INTO "user_user_user_permissions" VALUES(1,6,1);
INSERT INTO "user_user_user_permissions" VALUES(2,6,2);
INSERT INTO "user_user_user_permissions" VALUES(3,6,3);
INSERT INTO "user_user_user_permissions" VALUES(4,6,4);
INSERT INTO "user_user_user_permissions" VALUES(5,6,5);
INSERT INTO "user_user_user_permissions" VALUES(6,6,6);
INSERT INTO "user_user_user_permissions" VALUES(7,6,7);
INSERT INTO "user_user_user_permissions" VALUES(8,6,8);
INSERT INTO "user_user_user_permissions" VALUES(9,6,9);
INSERT INTO "user_user_user_permissions" VALUES(10,6,10);
INSERT INTO "user_user_user_permissions" VALUES(11,6,11);
INSERT INTO "user_user_user_permissions" VALUES(12,6,12);
INSERT INTO "user_user_user_permissions" VALUES(13,6,13);
INSERT INTO "user_user_user_permissions" VALUES(14,6,14);
INSERT INTO "user_user_user_permissions" VALUES(15,6,15);
INSERT INTO "user_user_user_permissions" VALUES(16,6,16);
INSERT INTO "user_user_user_permissions" VALUES(17,6,17);
INSERT INTO "user_user_user_permissions" VALUES(18,6,18);
INSERT INTO "user_user_user_permissions" VALUES(19,6,19);
INSERT INTO "user_user_user_permissions" VALUES(20,6,20);
INSERT INTO "user_user_user_permissions" VALUES(21,6,21);
INSERT INTO "user_user_user_permissions" VALUES(22,6,22);
INSERT INTO "user_user_user_permissions" VALUES(23,6,23);
INSERT INTO "user_user_user_permissions" VALUES(24,6,24);
INSERT INTO "user_user_user_permissions" VALUES(25,6,25);
INSERT INTO "user_user_user_permissions" VALUES(26,6,26);
INSERT INTO "user_user_user_permissions" VALUES(27,6,27);
INSERT INTO "user_user_user_permissions" VALUES(28,6,28);
INSERT INTO "user_user_user_permissions" VALUES(29,6,29);
INSERT INTO "user_user_user_permissions" VALUES(30,6,30);
INSERT INTO "user_user_user_permissions" VALUES(31,6,31);
INSERT INTO "user_user_user_permissions" VALUES(32,6,32);
INSERT INTO "user_user_user_permissions" VALUES(33,6,33);
INSERT INTO "user_user_user_permissions" VALUES(34,6,34);
INSERT INTO "user_user_user_permissions" VALUES(35,6,35);
INSERT INTO "user_user_user_permissions" VALUES(36,6,36);
INSERT INTO "user_user_user_permissions" VALUES(37,6,37);
INSERT INTO "user_user_user_permissions" VALUES(38,6,38);
INSERT INTO "user_user_user_permissions" VALUES(39,6,39);
INSERT INTO "user_user_user_permissions" VALUES(40,6,40);
INSERT INTO "user_user_user_permissions" VALUES(41,6,41);
INSERT INTO "user_user_user_permissions" VALUES(42,6,42);
INSERT INTO "user_user_user_permissions" VALUES(43,6,43);
INSERT INTO "user_user_user_permissions" VALUES(44,6,44);
INSERT INTO "user_user_user_permissions" VALUES(45,6,45);
INSERT INTO "user_user_user_permissions" VALUES(46,6,46);
INSERT INTO "user_user_user_permissions" VALUES(47,6,47);
INSERT INTO "user_user_user_permissions" VALUES(48,6,48);
INSERT INTO "user_user_user_permissions" VALUES(49,6,53);
INSERT INTO "user_user_user_permissions" VALUES(50,6,54);
INSERT INTO "user_user_user_permissions" VALUES(51,6,55);
INSERT INTO "user_user_user_permissions" VALUES(52,6,56);
INSERT INTO "user_user_user_permissions" VALUES(53,6,57);
INSERT INTO "user_user_user_permissions" VALUES(54,6,58);
INSERT INTO "user_user_user_permissions" VALUES(55,6,59);
INSERT INTO "user_user_user_permissions" VALUES(56,6,60);
CREATE UNIQUE INDEX "django_content_type_app_label_model_76bd3d3b_uniq" ON "django_content_type" ("app_label", "model");
CREATE UNIQUE INDEX "auth_group_permissions_group_id_permission_id_0cd325b0_uniq" ON "auth_group_permissions" ("group_id", "permission_id");
CREATE INDEX IF NOT EXISTS "auth_group_permissions_group_id_b120cbf9" ON "auth_group_permissions" ("group_id");
CREATE INDEX IF NOT EXISTS "auth_group_permissions_permission_id_84c5c92e" ON "auth_group_permissions" ("permission_id");
CREATE UNIQUE INDEX "auth_permission_content_type_id_codename_01ab375a_uniq" ON "auth_permission" ("content_type_id", "codename");
CREATE INDEX IF NOT EXISTS "auth_permission_content_type_id_2f476e4b" ON "auth_permission" ("content_type_id");
CREATE UNIQUE INDEX "user_user_groups_user_id_group_id_bb60391f_uniq" ON "user_user_groups" ("user_id", "group_id");
CREATE INDEX IF NOT EXISTS "user_user_groups_user_id_13f9a20d" ON "user_user_groups" ("user_id");
CREATE INDEX IF NOT EXISTS "user_user_groups_group_id_c57f13c0" ON "user_user_groups" ("group_id");
CREATE UNIQUE INDEX "user_user_user_permissions_user_id_permission_id_64f4d5b8_uniq" ON "user_user_user_permissions" ("user_id", "permission_id");
CREATE INDEX IF NOT EXISTS "user_user_user_permissions_user_id_31782f58" ON "user_user_user_permissions" ("user_id");
CREATE INDEX IF NOT EXISTS "user_user_user_permissions_permission_id_ce49d4de" ON "user_user_user_permissions" ("permission_id");
CREATE INDEX IF NOT EXISTS "django_admin_log_content_type_id_c4bce8eb" ON "django_admin_log" ("content_type_id");
CREATE INDEX IF NOT EXISTS "django_admin_log_user_id_c564eba6" ON "django_admin_log" ("user_id");
CREATE INDEX IF NOT EXISTS "base_suministro_beneficiario_id_0ebc3a2d" ON "base_suministro" ("beneficiario_id");
CREATE INDEX IF NOT EXISTS "base_detallesuministro_suministro_id_e1e7b69f" ON "base_detallesuministro" ("suministro_id");
CREATE INDEX IF NOT EXISTS "base_detallesuministro_producto_id_21dfda79" ON "base_detallesuministro" ("producto_id");
CREATE INDEX IF NOT EXISTS "django_session_expire_date_a5c62663" ON "django_session" ("expire_date");
CREATE INDEX IF NOT EXISTS "base_libro_autor_id_f72d898a" ON "base_libro" ("autor_id");
CREATE INDEX IF NOT EXISTS "base_productos_categoria_id_4a94a772" ON "base_productos" ("categoria_id");
CREATE INDEX IF NOT EXISTS "base_reserva_libro_id_e92a592b" ON "base_reserva" ("libro_id");
CREATE INDEX IF NOT EXISTS "base_reserva_lector_id_c4028b1c" ON "base_reserva" ("lector_id");
